-- MySQL dump 10.13  Distrib 5.7.27, for Linux (x86_64)
--
-- Host: localhost    Database: KZLv3
-- ------------------------------------------------------
-- Server version	5.7.27-0ubuntu0.18.04.1

/*!40101 SET @OLD_CHARACTER_SET_CLIENT=@@CHARACTER_SET_CLIENT */;
/*!40101 SET @OLD_CHARACTER_SET_RESULTS=@@CHARACTER_SET_RESULTS */;
/*!40101 SET @OLD_COLLATION_CONNECTION=@@COLLATION_CONNECTION */;
/*!40101 SET NAMES utf8 */;
/*!40103 SET @OLD_TIME_ZONE=@@TIME_ZONE */;
/*!40103 SET TIME_ZONE='+00:00' */;
/*!40014 SET @OLD_UNIQUE_CHECKS=@@UNIQUE_CHECKS, UNIQUE_CHECKS=0 */;
/*!40014 SET @OLD_FOREIGN_KEY_CHECKS=@@FOREIGN_KEY_CHECKS, FOREIGN_KEY_CHECKS=0 */;
/*!40101 SET @OLD_SQL_MODE=@@SQL_MODE, SQL_MODE='NO_AUTO_VALUE_ON_ZERO' */;
/*!40111 SET @OLD_SQL_NOTES=@@SQL_NOTES, SQL_NOTES=0 */;

--
-- Table structure for table `man_shifts`
--

DROP TABLE IF EXISTS `man_shifts`;
/*!40101 SET @saved_cs_client     = @@character_set_client */;
/*!40101 SET character_set_client = utf8 */;
CREATE TABLE `man_shifts` (
  `man_shift_id` int(11) NOT NULL AUTO_INCREMENT,
  `user_id` smallint(6) NOT NULL,
  `date` date NOT NULL,
  `month_id` int(11) NOT NULL,
  `shift_id` tinyint(4) NOT NULL,
  `status_id` tinyint(4) NOT NULL,
  `user_last_change` timestamp(2) NOT NULL DEFAULT CURRENT_TIMESTAMP(2) ON UPDATE CURRENT_TIMESTAMP(2),
  PRIMARY KEY (`man_shift_id`)
) ENGINE=InnoDB AUTO_INCREMENT=1001 DEFAULT CHARSET=utf8 COLLATE=utf8_unicode_ci;
/*!40101 SET character_set_client = @saved_cs_client */;

--
-- Dumping data for table `man_shifts`
--

LOCK TABLES `man_shifts` WRITE;
/*!40000 ALTER TABLE `man_shifts` DISABLE KEYS */;
INSERT INTO `man_shifts` VALUES (1,2,'2019-10-30',0,7,1,'2019-09-12 06:02:57.00'),(2,8,'2019-10-01',0,2,1,'2019-09-14 19:21:31.00'),(3,6,'2019-10-24',0,5,1,'2019-09-11 14:48:17.00'),(4,10,'2019-10-09',0,4,1,'2019-09-05 01:28:50.00'),(5,1,'2019-09-15',0,2,1,'2019-09-04 03:11:54.00'),(6,13,'2019-10-14',0,5,1,'2019-09-02 08:39:23.00'),(7,9,'2019-09-22',0,6,1,'2019-09-07 10:30:26.00'),(8,2,'2019-09-30',0,2,1,'2019-09-08 21:24:51.00'),(9,8,'2019-10-08',0,2,1,'2019-09-13 01:20:27.00'),(10,1,'2019-10-11',0,1,1,'2019-09-03 12:16:49.00'),(11,5,'2019-10-20',0,4,1,'2019-09-08 12:21:14.00'),(12,15,'2019-09-12',0,6,1,'2019-09-01 20:36:34.00'),(13,5,'2019-10-11',0,2,1,'2019-09-09 19:12:51.00'),(14,15,'2019-09-07',0,5,1,'2019-09-04 03:17:02.00'),(15,7,'2019-09-18',0,6,1,'2019-09-01 23:14:19.00'),(16,8,'2019-09-02',0,1,1,'2019-09-14 20:14:17.00'),(17,3,'2019-09-26',0,4,1,'2019-09-11 08:30:32.00'),(18,10,'2019-10-22',0,1,1,'2019-09-07 13:41:08.00'),(19,11,'2019-09-07',0,4,1,'2019-09-14 10:22:12.00'),(20,4,'2019-09-07',0,2,1,'2019-09-05 16:17:29.00'),(21,13,'2019-10-13',0,2,1,'2019-09-12 21:57:41.00'),(22,3,'2019-10-13',0,1,1,'2019-09-08 08:44:13.00'),(23,8,'2019-10-14',0,2,1,'2019-09-11 09:08:42.00'),(24,7,'2019-10-10',0,7,1,'2019-09-05 23:06:47.00'),(25,3,'2019-09-07',0,1,1,'2019-09-05 21:01:21.00'),(26,11,'2019-09-30',0,6,1,'2019-09-02 05:05:01.00'),(27,5,'2019-10-30',0,1,1,'2019-09-07 17:28:45.00'),(28,13,'2019-10-15',0,6,1,'2019-09-05 03:41:00.00'),(29,11,'2019-10-20',0,6,1,'2019-09-12 01:00:37.00'),(30,2,'2019-09-23',0,1,1,'2019-09-07 21:21:20.00'),(31,3,'2019-10-12',0,1,1,'2019-09-08 12:05:12.00'),(32,6,'2019-09-11',0,4,1,'2019-09-07 11:56:41.00'),(33,6,'2019-09-13',0,3,1,'2019-09-08 01:23:39.00'),(34,5,'2019-10-05',0,5,1,'2019-09-02 03:06:43.00'),(35,7,'2019-09-03',0,2,1,'2019-09-11 01:53:27.00'),(36,9,'2019-10-02',0,1,1,'2019-09-04 23:58:11.00'),(37,12,'2019-10-25',0,6,1,'2019-09-03 07:47:58.00'),(38,7,'2019-10-11',0,1,1,'2019-09-03 12:46:02.00'),(39,10,'2019-10-07',0,5,1,'2019-09-04 12:20:39.00'),(40,2,'2019-09-09',0,5,1,'2019-09-05 05:02:43.00'),(41,12,'2019-10-11',0,3,1,'2019-09-09 05:55:40.00'),(42,11,'2019-10-26',0,5,1,'2019-09-12 01:31:58.00'),(43,6,'2019-10-24',0,3,1,'2019-09-10 04:54:12.00'),(44,6,'2019-10-29',0,5,1,'2019-09-01 20:36:23.00'),(45,1,'2019-09-05',0,5,1,'2019-09-01 10:55:11.00'),(46,2,'2019-10-07',0,5,1,'2019-09-09 22:16:26.00'),(47,6,'2019-09-04',0,7,1,'2019-09-03 22:47:26.00'),(48,13,'2019-09-09',0,4,1,'2019-09-02 00:04:10.00'),(49,10,'2019-09-26',0,1,1,'2019-09-03 19:29:23.00'),(50,10,'2019-10-14',0,1,1,'2019-09-05 07:34:05.00'),(51,15,'2019-09-29',0,4,1,'2019-09-12 09:19:55.00'),(52,14,'2019-09-16',0,4,1,'2019-09-08 17:57:25.00'),(53,15,'2019-09-09',0,4,1,'2019-09-03 10:03:02.00'),(54,12,'2019-10-29',0,6,1,'2019-09-10 10:11:02.00'),(55,3,'2019-10-11',0,6,1,'2019-09-04 16:45:30.00'),(56,10,'2019-09-06',0,4,1,'2019-09-01 13:13:52.00'),(57,9,'2019-09-11',0,2,1,'2019-09-14 03:06:53.00'),(58,2,'2019-09-22',0,1,1,'2019-09-12 14:49:58.00'),(59,11,'2019-09-14',0,5,1,'2019-09-06 04:45:52.00'),(60,10,'2019-10-05',0,2,1,'2019-09-01 15:55:31.00'),(61,8,'2019-10-19',0,7,1,'2019-09-01 21:16:27.00'),(62,10,'2019-09-21',0,2,1,'2019-09-12 05:46:24.00'),(63,13,'2019-09-17',0,1,1,'2019-09-11 14:44:13.00'),(64,4,'2019-09-25',0,3,1,'2019-09-10 12:45:55.00'),(65,14,'2019-09-03',0,7,1,'2019-09-03 05:23:51.00'),(66,3,'2019-10-05',0,5,1,'2019-09-02 11:54:06.00'),(67,10,'2019-10-22',0,2,1,'2019-09-06 03:01:21.00'),(68,2,'2019-09-08',0,1,1,'2019-09-04 07:23:05.00'),(69,9,'2019-10-06',0,2,1,'2019-09-02 08:56:57.00'),(70,13,'2019-10-17',0,5,1,'2019-09-07 12:28:18.00'),(71,11,'2019-10-24',0,1,1,'2019-09-03 00:48:24.00'),(72,7,'2019-10-27',0,7,1,'2019-09-04 13:31:56.00'),(73,4,'2019-10-09',0,5,1,'2019-09-06 11:23:49.00'),(74,1,'2019-10-29',0,3,1,'2019-09-13 17:36:58.00'),(75,15,'2019-09-03',0,6,1,'2019-09-13 09:17:52.00'),(76,7,'2019-10-02',0,1,1,'2019-09-09 03:36:57.00'),(77,14,'2019-10-05',0,7,1,'2019-09-05 21:19:16.00'),(78,7,'2019-10-02',0,1,1,'2019-09-09 01:55:10.00'),(79,3,'2019-10-23',0,3,1,'2019-09-08 02:07:08.00'),(80,1,'2019-09-23',0,4,1,'2019-09-03 18:58:25.00'),(81,4,'2019-09-16',0,7,1,'2019-09-10 15:41:13.00'),(82,3,'2019-10-23',0,4,1,'2019-09-04 23:19:51.00'),(83,5,'2019-10-11',0,7,1,'2019-09-02 14:53:34.00'),(84,8,'2019-09-28',0,2,1,'2019-09-07 22:24:56.00'),(85,1,'2019-09-23',0,1,1,'2019-09-06 23:47:05.00'),(86,7,'2019-10-05',0,4,1,'2019-09-11 20:22:54.00'),(87,2,'2019-10-15',0,4,1,'2019-09-09 15:31:40.00'),(88,2,'2019-09-16',0,1,1,'2019-09-05 00:14:23.00'),(89,2,'2019-10-11',0,1,1,'2019-09-12 15:51:25.00'),(90,2,'2019-09-02',0,7,1,'2019-09-07 00:11:35.00'),(91,14,'2019-09-24',0,7,1,'2019-09-12 08:34:14.00'),(92,3,'2019-10-21',0,1,1,'2019-09-09 13:56:25.00'),(93,9,'2019-09-16',0,1,1,'2019-09-10 23:44:13.00'),(94,5,'2019-09-29',0,7,1,'2019-09-02 09:08:28.00'),(95,12,'2019-10-06',0,7,1,'2019-09-10 13:26:21.00'),(96,15,'2019-09-07',0,3,1,'2019-09-01 20:30:07.00'),(97,5,'2019-10-05',0,1,1,'2019-09-01 08:58:09.00'),(98,2,'2019-09-16',0,2,1,'2019-09-14 06:14:58.00'),(99,6,'2019-09-07',0,4,1,'2019-09-06 12:16:09.00'),(100,14,'2019-10-22',0,3,1,'2019-09-14 03:30:36.00'),(101,11,'2019-10-11',0,7,1,'2019-09-06 14:44:44.00'),(102,12,'2019-09-26',0,3,1,'2019-09-07 22:53:35.00'),(103,12,'2019-09-17',0,1,1,'2019-09-02 04:14:18.00'),(104,5,'2019-10-28',0,7,1,'2019-09-11 08:12:14.00'),(105,6,'2019-10-26',0,2,1,'2019-09-05 02:35:28.00'),(106,2,'2019-09-02',0,3,1,'2019-09-11 15:50:27.00'),(107,2,'2019-09-28',0,1,1,'2019-09-06 06:33:09.00'),(108,5,'2019-10-29',0,5,1,'2019-09-11 15:38:57.00'),(109,4,'2019-09-21',0,6,1,'2019-09-01 15:23:37.00'),(110,9,'2019-10-19',0,5,1,'2019-09-02 05:12:34.00'),(111,14,'2019-09-06',0,7,1,'2019-09-05 10:20:16.00'),(112,10,'2019-09-17',0,2,1,'2019-09-07 11:32:06.00'),(113,12,'2019-10-12',0,2,1,'2019-09-11 17:37:13.00'),(114,13,'2019-09-26',0,2,1,'2019-09-09 22:20:15.00'),(115,13,'2019-09-04',0,3,1,'2019-09-07 15:03:19.00'),(116,2,'2019-10-16',0,1,1,'2019-09-08 20:20:27.00'),(117,10,'2019-09-18',0,2,1,'2019-09-12 22:43:03.00'),(118,15,'2019-09-03',0,6,1,'2019-09-04 08:42:08.00'),(119,10,'2019-10-13',0,6,1,'2019-09-10 08:40:47.00'),(120,8,'2019-09-11',0,4,1,'2019-09-07 13:02:39.00'),(121,5,'2019-10-06',0,6,1,'2019-09-10 11:51:29.00'),(122,8,'2019-09-20',0,5,1,'2019-09-08 04:28:14.00'),(123,8,'2019-10-21',0,7,1,'2019-09-14 21:02:28.00'),(124,8,'2019-10-06',0,3,1,'2019-09-09 21:52:34.00'),(125,6,'2019-09-25',0,4,1,'2019-09-10 05:48:31.00'),(126,4,'2019-09-13',0,1,1,'2019-09-01 16:27:33.00'),(127,7,'2019-10-25',0,7,1,'2019-09-13 13:42:55.00'),(128,2,'2019-09-13',0,7,1,'2019-09-02 04:08:24.00'),(129,6,'2019-09-28',0,4,1,'2019-09-12 11:41:58.00'),(130,12,'2019-10-13',0,5,1,'2019-09-08 22:55:05.00'),(131,4,'2019-10-02',0,7,1,'2019-09-14 16:32:43.00'),(132,14,'2019-10-25',0,5,1,'2019-09-07 12:49:18.00'),(133,12,'2019-09-30',0,1,1,'2019-09-04 18:14:02.00'),(134,2,'2019-10-23',0,2,1,'2019-09-09 00:39:22.00'),(135,3,'2019-10-19',0,5,1,'2019-09-02 07:24:12.00'),(136,9,'2019-09-30',0,5,1,'2019-09-04 21:45:07.00'),(137,2,'2019-10-17',0,1,1,'2019-09-07 20:15:51.00'),(138,3,'2019-10-15',0,1,1,'2019-09-12 15:17:35.00'),(139,11,'2019-10-27',0,6,1,'2019-09-02 08:30:35.00'),(140,15,'2019-09-10',0,1,1,'2019-09-07 01:30:33.00'),(141,4,'2019-10-07',0,2,1,'2019-09-06 11:50:34.00'),(142,14,'2019-09-10',0,4,1,'2019-09-05 08:43:37.00'),(143,11,'2019-10-13',0,1,1,'2019-09-02 19:06:20.00'),(144,11,'2019-10-29',0,3,1,'2019-09-13 22:15:17.00'),(145,10,'2019-09-25',0,1,1,'2019-09-10 03:44:57.00'),(146,1,'2019-09-22',0,4,1,'2019-09-08 19:39:50.00'),(147,14,'2019-10-07',0,4,1,'2019-09-01 21:31:42.00'),(148,4,'2019-09-22',0,4,1,'2019-09-09 14:03:16.00'),(149,5,'2019-09-03',0,5,1,'2019-09-09 00:43:45.00'),(150,9,'2019-10-16',0,3,1,'2019-09-06 14:11:22.00'),(151,2,'2019-09-25',0,3,1,'2019-09-05 20:24:42.00'),(152,15,'2019-09-11',0,1,1,'2019-09-06 23:30:59.00'),(153,4,'2019-10-21',0,3,1,'2019-09-12 18:36:49.00'),(154,13,'2019-09-12',0,5,1,'2019-09-06 13:56:37.00'),(155,5,'2019-09-03',0,4,1,'2019-09-11 17:36:28.00'),(156,10,'2019-09-10',0,4,1,'2019-09-10 05:26:18.00'),(157,5,'2019-09-11',0,4,1,'2019-09-06 13:56:28.00'),(158,14,'2019-09-26',0,3,1,'2019-09-09 06:58:06.00'),(159,14,'2019-09-18',0,5,1,'2019-09-12 11:00:07.00'),(160,9,'2019-10-28',0,4,1,'2019-09-07 02:45:57.00'),(161,14,'2019-10-30',0,5,1,'2019-09-14 14:35:36.00'),(162,12,'2019-10-29',0,1,1,'2019-09-06 19:19:58.00'),(163,7,'2019-10-06',0,1,1,'2019-09-04 11:43:04.00'),(164,14,'2019-09-20',0,5,1,'2019-09-05 17:41:32.00'),(165,2,'2019-10-18',0,5,1,'2019-09-02 04:42:30.00'),(166,3,'2019-10-01',0,2,1,'2019-09-03 06:20:25.00'),(167,11,'2019-10-12',0,5,1,'2019-09-12 14:57:21.00'),(168,9,'2019-10-01',0,2,1,'2019-09-13 02:45:23.00'),(169,8,'2019-09-14',0,3,1,'2019-09-13 15:27:17.00'),(170,13,'2019-10-11',0,4,1,'2019-09-12 16:50:02.00'),(171,15,'2019-09-10',0,4,1,'2019-09-05 03:22:05.00'),(172,11,'2019-09-27',0,1,1,'2019-09-10 18:21:10.00'),(173,5,'2019-09-27',0,1,1,'2019-09-03 06:33:10.00'),(174,3,'2019-10-02',0,2,1,'2019-09-06 16:30:01.00'),(175,12,'2019-10-18',0,2,1,'2019-09-04 17:18:13.00'),(176,8,'2019-09-17',0,2,1,'2019-09-14 20:49:57.00'),(177,13,'2019-09-08',0,5,1,'2019-09-02 12:36:34.00'),(178,2,'2019-10-07',0,2,1,'2019-09-08 00:06:37.00'),(179,6,'2019-10-29',0,5,1,'2019-09-09 22:21:51.00'),(180,3,'2019-10-27',0,4,1,'2019-09-09 16:45:24.00'),(181,11,'2019-10-23',0,7,1,'2019-09-11 18:42:56.00'),(182,14,'2019-09-26',0,7,1,'2019-09-02 04:31:29.00'),(183,2,'2019-09-01',0,2,1,'2019-09-03 15:19:04.00'),(184,12,'2019-09-24',0,5,1,'2019-09-09 14:01:43.00'),(185,9,'2019-10-25',0,4,1,'2019-09-01 10:06:02.00'),(186,13,'2019-10-03',0,3,1,'2019-09-02 23:46:36.00'),(187,12,'2019-09-08',0,6,1,'2019-09-12 03:29:01.00'),(188,11,'2019-09-14',0,6,1,'2019-09-14 09:48:04.00'),(189,10,'2019-09-23',0,5,1,'2019-09-01 04:19:06.00'),(190,5,'2019-10-03',0,6,1,'2019-09-11 14:04:07.00'),(191,8,'2019-10-20',0,5,1,'2019-09-10 05:46:49.00'),(192,5,'2019-10-15',0,7,1,'2019-09-11 13:18:44.00'),(193,5,'2019-10-23',0,1,1,'2019-09-09 18:58:17.00'),(194,1,'2019-10-07',0,1,1,'2019-09-14 04:38:05.00'),(195,14,'2019-10-14',0,3,1,'2019-09-14 01:33:25.00'),(196,1,'2019-10-07',0,6,1,'2019-09-05 09:33:41.00'),(197,4,'2019-09-19',0,1,1,'2019-09-10 18:39:41.00'),(198,11,'2019-10-23',0,2,1,'2019-09-10 11:25:59.00'),(199,9,'2019-09-07',0,5,1,'2019-09-02 08:06:48.00'),(200,1,'2019-09-01',0,6,1,'2019-09-07 21:07:28.00'),(201,9,'2019-10-27',0,7,1,'2019-09-09 00:35:47.00'),(202,2,'2019-09-08',0,2,1,'2019-09-04 04:23:08.00'),(203,14,'2019-09-27',0,5,1,'2019-09-04 07:49:03.00'),(204,4,'2019-09-16',0,2,1,'2019-09-11 07:25:41.00'),(205,12,'2019-10-16',0,5,1,'2019-09-06 02:53:54.00'),(206,15,'2019-09-12',0,6,1,'2019-09-02 23:59:43.00'),(207,2,'2019-10-08',0,1,1,'2019-09-13 21:37:50.00'),(208,1,'2019-10-17',0,1,1,'2019-09-07 12:06:35.00'),(209,5,'2019-10-03',0,6,1,'2019-09-05 14:30:35.00'),(210,5,'2019-10-26',0,7,1,'2019-09-01 16:33:46.00'),(211,14,'2019-10-05',0,6,1,'2019-09-10 18:13:36.00'),(212,15,'2019-10-17',0,3,1,'2019-09-09 15:56:32.00'),(213,9,'2019-09-14',0,1,1,'2019-09-04 02:06:21.00'),(214,8,'2019-09-27',0,7,1,'2019-09-01 04:15:12.00'),(215,9,'2019-10-14',0,6,1,'2019-09-13 07:09:01.00'),(216,5,'2019-09-22',0,5,1,'2019-09-12 16:20:24.00'),(217,11,'2019-10-09',0,2,1,'2019-09-05 14:09:02.00'),(218,7,'2019-10-05',0,7,1,'2019-09-06 07:01:51.00'),(219,7,'2019-10-27',0,5,1,'2019-09-08 01:19:38.00'),(220,7,'2019-09-30',0,5,1,'2019-09-07 13:14:01.00'),(221,4,'2019-10-23',0,2,1,'2019-09-12 01:43:19.00'),(222,8,'2019-10-13',0,6,1,'2019-09-10 13:31:43.00'),(223,2,'2019-09-25',0,1,1,'2019-09-14 00:20:54.00'),(224,9,'2019-10-10',0,1,1,'2019-09-01 00:18:50.00'),(225,13,'2019-10-25',0,6,1,'2019-09-13 18:39:53.00'),(226,14,'2019-09-10',0,6,1,'2019-09-07 14:24:56.00'),(227,10,'2019-09-28',0,5,1,'2019-09-14 19:26:08.00'),(228,5,'2019-09-03',0,4,1,'2019-09-02 00:56:49.00'),(229,7,'2019-10-25',0,1,1,'2019-09-10 06:33:06.00'),(230,9,'2019-09-19',0,2,1,'2019-09-10 11:03:07.00'),(231,3,'2019-09-29',0,3,1,'2019-09-09 16:31:04.00'),(232,14,'2019-10-11',0,1,1,'2019-09-03 00:32:57.00'),(233,6,'2019-10-08',0,6,1,'2019-09-03 09:34:23.00'),(234,7,'2019-09-17',0,7,1,'2019-09-13 22:29:56.00'),(235,7,'2019-09-09',0,7,1,'2019-09-14 00:16:02.00'),(236,1,'2019-09-19',0,4,1,'2019-09-06 06:17:29.00'),(237,4,'2019-09-13',0,7,1,'2019-09-10 21:51:41.00'),(238,7,'2019-10-28',0,1,1,'2019-09-10 10:15:38.00'),(239,1,'2019-10-02',0,2,1,'2019-09-05 06:57:34.00'),(240,8,'2019-09-22',0,4,1,'2019-09-01 07:11:43.00'),(241,14,'2019-09-13',0,2,1,'2019-09-06 10:22:02.00'),(242,4,'2019-09-09',0,7,1,'2019-09-13 02:07:57.00'),(243,6,'2019-09-28',0,6,1,'2019-09-11 07:43:21.00'),(244,2,'2019-10-28',0,7,1,'2019-09-07 09:00:07.00'),(245,14,'2019-09-06',0,5,1,'2019-09-07 07:56:05.00'),(246,12,'2019-10-08',0,2,1,'2019-09-08 21:40:42.00'),(247,8,'2019-10-13',0,1,1,'2019-09-07 16:02:41.00'),(248,11,'2019-10-19',0,3,1,'2019-09-10 23:48:06.00'),(249,15,'2019-10-11',0,4,1,'2019-09-07 10:22:47.00'),(250,11,'2019-10-15',0,7,1,'2019-09-05 18:54:46.00'),(251,2,'2019-09-18',0,7,1,'2019-09-04 07:16:14.00'),(252,14,'2019-09-01',0,4,1,'2019-09-11 16:05:32.00'),(253,15,'2019-10-18',0,4,1,'2019-09-13 03:34:33.00'),(254,11,'2019-09-11',0,2,1,'2019-09-12 12:38:34.00'),(255,1,'2019-09-05',0,4,1,'2019-09-11 05:04:06.00'),(256,3,'2019-10-20',0,5,1,'2019-09-09 01:04:37.00'),(257,15,'2019-10-18',0,4,1,'2019-09-13 20:09:38.00'),(258,3,'2019-10-08',0,3,1,'2019-09-03 17:42:06.00'),(259,6,'2019-09-03',0,2,1,'2019-09-13 10:02:25.00'),(260,4,'2019-10-15',0,6,1,'2019-09-08 17:42:08.00'),(261,7,'2019-09-18',0,7,1,'2019-09-13 22:18:07.00'),(262,9,'2019-10-27',0,7,1,'2019-09-12 06:16:42.00'),(263,13,'2019-09-13',0,3,1,'2019-08-31 23:48:40.00'),(264,6,'2019-09-12',0,6,1,'2019-09-02 08:24:43.00'),(265,12,'2019-09-15',0,4,1,'2019-09-09 20:29:10.00'),(266,1,'2019-10-23',0,2,1,'2019-09-04 04:36:14.00'),(267,14,'2019-09-22',0,5,1,'2019-09-04 23:05:49.00'),(268,8,'2019-09-03',0,4,1,'2019-09-13 00:01:50.00'),(269,6,'2019-10-07',0,4,1,'2019-09-10 03:27:02.00'),(270,4,'2019-10-12',0,1,1,'2019-09-14 12:46:59.00'),(271,14,'2019-10-16',0,5,1,'2019-09-10 14:55:46.00'),(272,4,'2019-09-11',0,7,1,'2019-09-03 17:58:52.00'),(273,15,'2019-09-18',0,5,1,'2019-09-07 22:16:44.00'),(274,8,'2019-10-03',0,2,1,'2019-09-14 09:55:56.00'),(275,11,'2019-10-05',0,1,1,'2019-09-08 03:22:17.00'),(276,9,'2019-10-13',0,5,1,'2019-09-11 22:42:48.00'),(277,11,'2019-09-08',0,4,1,'2019-09-10 02:39:56.00'),(278,10,'2019-10-26',0,5,1,'2019-09-13 23:36:37.00'),(279,10,'2019-10-16',0,2,1,'2019-09-11 21:48:10.00'),(280,11,'2019-09-25',0,5,1,'2019-09-05 10:26:25.00'),(281,8,'2019-10-02',0,4,1,'2019-09-13 19:53:17.00'),(282,5,'2019-09-24',0,7,1,'2019-09-11 05:47:19.00'),(283,10,'2019-09-25',0,4,1,'2019-09-12 16:23:42.00'),(284,8,'2019-09-13',0,1,1,'2019-09-07 04:07:28.00'),(285,6,'2019-10-19',0,7,1,'2019-09-06 14:59:47.00'),(286,8,'2019-10-28',0,2,1,'2019-09-10 12:45:00.00'),(287,8,'2019-10-27',0,5,1,'2019-09-11 06:56:28.00'),(288,3,'2019-09-20',0,5,1,'2019-09-09 04:54:16.00'),(289,7,'2019-09-06',0,2,1,'2019-09-09 16:29:58.00'),(290,15,'2019-10-08',0,1,1,'2019-09-07 10:29:34.00'),(291,1,'2019-10-05',0,7,1,'2019-09-04 01:14:08.00'),(292,14,'2019-10-19',0,3,1,'2019-09-05 03:01:45.00'),(293,4,'2019-09-06',0,6,1,'2019-09-08 07:56:12.00'),(294,9,'2019-09-29',0,4,1,'2019-09-05 07:12:09.00'),(295,5,'2019-09-15',0,6,1,'2019-09-02 07:41:47.00'),(296,11,'2019-09-30',0,4,1,'2019-09-09 18:01:56.00'),(297,5,'2019-09-14',0,2,1,'2019-09-14 17:52:37.00'),(298,9,'2019-10-25',0,1,1,'2019-08-31 23:05:50.00'),(299,5,'2019-09-18',0,4,1,'2019-09-12 10:26:54.00'),(300,12,'2019-09-01',0,6,1,'2019-09-12 22:31:43.00'),(301,2,'2019-10-23',0,5,1,'2019-09-01 07:40:30.00'),(302,4,'2019-09-29',0,5,1,'2019-09-01 08:40:31.00'),(303,12,'2019-09-07',0,6,1,'2019-09-10 20:39:29.00'),(304,15,'2019-10-15',0,4,1,'2019-09-05 05:03:54.00'),(305,13,'2019-10-25',0,3,1,'2019-09-06 21:18:14.00'),(306,7,'2019-09-27',0,3,1,'2019-09-07 01:36:35.00'),(307,7,'2019-10-16',0,7,1,'2019-09-13 13:15:19.00'),(308,15,'2019-09-11',0,3,1,'2019-09-10 21:41:29.00'),(309,4,'2019-10-26',0,3,1,'2019-09-09 03:37:22.00'),(310,1,'2019-10-25',0,3,1,'2019-09-14 13:48:45.00'),(311,14,'2019-09-18',0,2,1,'2019-09-10 05:56:47.00'),(312,5,'2019-09-08',0,3,1,'2019-09-07 13:18:22.00'),(313,10,'2019-09-14',0,3,1,'2019-09-13 08:48:34.00'),(314,12,'2019-09-16',0,2,1,'2019-09-13 10:50:11.00'),(315,10,'2019-10-29',0,2,1,'2019-09-13 11:44:09.00'),(316,6,'2019-09-02',0,4,1,'2019-09-04 10:56:08.00'),(317,13,'2019-10-06',0,5,1,'2019-09-01 00:08:36.00'),(318,6,'2019-10-24',0,7,1,'2019-09-02 20:50:57.00'),(319,2,'2019-10-22',0,3,1,'2019-09-12 23:23:32.00'),(320,5,'2019-10-16',0,3,1,'2019-09-04 14:26:56.00'),(321,12,'2019-10-17',0,1,1,'2019-09-02 12:44:31.00'),(322,11,'2019-10-01',0,2,1,'2019-09-12 08:58:51.00'),(323,14,'2019-09-30',0,3,1,'2019-09-13 05:49:19.00'),(324,3,'2019-09-25',0,6,1,'2019-09-03 08:38:30.00'),(325,5,'2019-09-29',0,5,1,'2019-09-01 08:26:25.00'),(326,1,'2019-09-10',0,1,1,'2019-09-03 22:55:57.00'),(327,10,'2019-09-15',0,5,1,'2019-09-05 15:47:27.00'),(328,5,'2019-09-09',0,4,1,'2019-09-11 17:16:04.00'),(329,6,'2019-09-05',0,5,1,'2019-09-10 09:08:51.00'),(330,13,'2019-10-05',0,6,1,'2019-09-03 21:12:00.00'),(331,6,'2019-10-11',0,4,1,'2019-09-01 09:51:07.00'),(332,13,'2019-09-09',0,1,1,'2019-09-13 13:43:38.00'),(333,13,'2019-09-21',0,3,1,'2019-09-03 05:25:29.00'),(334,11,'2019-10-01',0,5,1,'2019-09-10 09:59:04.00'),(335,3,'2019-10-18',0,6,1,'2019-09-02 19:50:04.00'),(336,10,'2019-10-18',0,3,1,'2019-09-06 13:07:54.00'),(337,5,'2019-10-16',0,4,1,'2019-09-14 03:07:32.00'),(338,14,'2019-09-08',0,3,1,'2019-09-12 18:52:26.00'),(339,7,'2019-09-15',0,2,1,'2019-09-03 23:40:04.00'),(340,14,'2019-09-22',0,6,1,'2019-09-13 09:36:17.00'),(341,4,'2019-10-20',0,7,1,'2019-09-06 13:01:46.00'),(342,2,'2019-09-23',0,2,1,'2019-09-03 10:05:31.00'),(343,6,'2019-09-03',0,4,1,'2019-09-02 12:29:11.00'),(344,5,'2019-09-30',0,5,1,'2019-09-06 01:40:39.00'),(345,11,'2019-09-26',0,5,1,'2019-08-31 23:26:36.00'),(346,7,'2019-10-08',0,6,1,'2019-09-13 05:35:43.00'),(347,3,'2019-09-04',0,7,1,'2019-09-06 22:59:54.00'),(348,1,'2019-09-27',0,5,1,'2019-09-04 01:02:48.00'),(349,2,'2019-10-09',0,2,1,'2019-09-03 13:11:36.00'),(350,10,'2019-10-19',0,2,1,'2019-09-05 02:23:32.00'),(351,3,'2019-10-01',0,5,1,'2019-09-10 19:19:24.00'),(352,8,'2019-09-27',0,6,1,'2019-09-13 15:04:48.00'),(353,10,'2019-10-09',0,7,1,'2019-09-02 00:28:16.00'),(354,14,'2019-10-22',0,7,1,'2019-09-01 10:15:13.00'),(355,6,'2019-10-10',0,2,1,'2019-09-11 11:20:36.00'),(356,10,'2019-10-14',0,1,1,'2019-09-04 18:26:54.00'),(357,8,'2019-09-17',0,2,1,'2019-09-12 04:40:22.00'),(358,3,'2019-09-11',0,1,1,'2019-09-07 02:14:56.00'),(359,9,'2019-09-21',0,2,1,'2019-09-08 17:22:20.00'),(360,14,'2019-09-30',0,1,1,'2019-09-13 23:22:37.00'),(361,13,'2019-09-24',0,7,1,'2019-09-03 19:42:56.00'),(362,9,'2019-10-21',0,1,1,'2019-09-13 07:22:22.00'),(363,2,'2019-09-07',0,3,1,'2019-09-10 03:23:38.00'),(364,12,'2019-10-04',0,1,1,'2019-09-04 16:26:50.00'),(365,12,'2019-10-28',0,7,1,'2019-09-06 05:12:02.00'),(366,6,'2019-09-23',0,5,1,'2019-09-09 15:28:50.00'),(367,6,'2019-09-25',0,5,1,'2019-09-03 04:25:56.00'),(368,1,'2019-09-30',0,1,1,'2019-09-09 08:38:23.00'),(369,1,'2019-10-13',0,6,1,'2019-09-07 16:55:20.00'),(370,9,'2019-10-18',0,3,1,'2019-09-05 22:45:21.00'),(371,3,'2019-10-24',0,7,1,'2019-09-06 16:52:06.00'),(372,7,'2019-09-21',0,3,1,'2019-09-08 13:48:12.00'),(373,8,'2019-09-09',0,3,1,'2019-09-10 22:02:55.00'),(374,12,'2019-09-04',0,3,1,'2019-09-09 17:05:29.00'),(375,3,'2019-09-12',0,4,1,'2019-09-09 10:25:01.00'),(376,13,'2019-10-08',0,1,1,'2019-09-12 02:38:43.00'),(377,10,'2019-09-18',0,4,1,'2019-09-10 11:15:21.00'),(378,1,'2019-10-15',0,1,1,'2019-09-01 03:51:21.00'),(379,4,'2019-10-13',0,4,1,'2019-09-14 14:39:06.00'),(380,5,'2019-10-05',0,4,1,'2019-09-02 18:37:00.00'),(381,5,'2019-09-24',0,1,1,'2019-09-13 00:52:12.00'),(382,5,'2019-10-06',0,2,1,'2019-09-08 11:02:01.00'),(383,9,'2019-10-21',0,5,1,'2019-09-09 05:04:06.00'),(384,1,'2019-10-30',0,7,1,'2019-09-01 00:15:03.00'),(385,12,'2019-09-09',0,5,1,'2019-09-05 02:35:08.00'),(386,2,'2019-10-17',0,6,1,'2019-09-07 02:20:39.00'),(387,9,'2019-09-19',0,2,1,'2019-09-13 11:59:54.00'),(388,6,'2019-10-19',0,1,1,'2019-09-03 10:01:53.00'),(389,8,'2019-10-09',0,7,1,'2019-09-01 00:21:31.00'),(390,2,'2019-09-29',0,7,1,'2019-09-14 00:43:30.00'),(391,8,'2019-09-28',0,7,1,'2019-09-08 18:33:53.00'),(392,10,'2019-10-24',0,1,1,'2019-09-10 12:46:45.00'),(393,1,'2019-10-19',0,6,1,'2019-09-10 07:11:58.00'),(394,15,'2019-10-24',0,5,1,'2019-09-10 00:20:53.00'),(395,3,'2019-09-05',0,6,1,'2019-09-13 02:35:29.00'),(396,4,'2019-09-08',0,3,1,'2019-09-13 16:24:04.00'),(397,5,'2019-10-19',0,6,1,'2019-09-08 05:55:56.00'),(398,1,'2019-09-01',0,1,1,'2019-09-12 11:27:57.00'),(399,3,'2019-10-25',0,4,1,'2019-09-13 16:36:22.00'),(400,9,'2019-10-13',0,6,1,'2019-09-09 17:17:24.00'),(401,14,'2019-09-05',0,2,1,'2019-09-09 03:37:35.00'),(402,2,'2019-10-11',0,3,1,'2019-09-11 02:29:34.00'),(403,3,'2019-09-11',0,4,1,'2019-09-11 02:35:43.00'),(404,13,'2019-10-02',0,5,1,'2019-09-11 10:57:58.00'),(405,8,'2019-09-24',0,6,1,'2019-09-03 15:43:20.00'),(406,11,'2019-10-17',0,3,1,'2019-09-03 21:14:55.00'),(407,4,'2019-10-02',0,1,1,'2019-09-12 04:55:31.00'),(408,2,'2019-10-12',0,6,1,'2019-09-14 21:58:39.00'),(409,10,'2019-09-08',0,1,1,'2019-09-06 05:43:35.00'),(410,10,'2019-09-14',0,2,1,'2019-09-01 17:34:27.00'),(411,11,'2019-09-28',0,6,1,'2019-09-10 18:23:14.00'),(412,2,'2019-09-19',0,1,1,'2019-09-12 14:40:25.00'),(413,9,'2019-09-09',0,7,1,'2019-09-14 12:23:12.00'),(414,10,'2019-09-17',0,3,1,'2019-09-06 05:45:09.00'),(415,9,'2019-09-08',0,7,1,'2019-09-06 09:28:47.00'),(416,14,'2019-10-29',0,7,1,'2019-09-13 03:17:43.00'),(417,8,'2019-10-21',0,2,1,'2019-09-06 21:39:11.00'),(418,11,'2019-10-03',0,3,1,'2019-09-11 04:51:12.00'),(419,15,'2019-09-05',0,4,1,'2019-09-08 01:45:09.00'),(420,7,'2019-09-19',0,2,1,'2019-09-14 10:34:45.00'),(421,14,'2019-10-11',0,2,1,'2019-09-04 21:45:58.00'),(422,14,'2019-09-13',0,6,1,'2019-09-04 19:24:34.00'),(423,4,'2019-09-01',0,3,1,'2019-09-07 20:34:24.00'),(424,4,'2019-09-17',0,7,1,'2019-09-09 18:33:36.00'),(425,12,'2019-10-11',0,7,1,'2019-09-12 08:54:40.00'),(426,10,'2019-09-10',0,7,1,'2019-09-04 21:18:36.00'),(427,10,'2019-09-29',0,2,1,'2019-09-10 08:22:44.00'),(428,3,'2019-10-23',0,1,1,'2019-09-06 09:27:45.00'),(429,15,'2019-09-27',0,6,1,'2019-09-05 22:28:35.00'),(430,10,'2019-09-24',0,5,1,'2019-09-10 16:56:16.00'),(431,12,'2019-10-28',0,1,1,'2019-09-05 02:32:07.00'),(432,5,'2019-09-18',0,1,1,'2019-09-14 01:34:39.00'),(433,13,'2019-10-02',0,5,1,'2019-09-01 21:47:42.00'),(434,4,'2019-10-09',0,3,1,'2019-09-07 12:31:31.00'),(435,4,'2019-09-26',0,7,1,'2019-09-02 11:25:27.00'),(436,3,'2019-09-22',0,2,1,'2019-09-04 12:26:08.00'),(437,7,'2019-09-08',0,1,1,'2019-09-01 19:07:54.00'),(438,11,'2019-10-10',0,3,1,'2019-09-10 07:28:52.00'),(439,4,'2019-09-01',0,7,1,'2019-09-12 09:39:53.00'),(440,6,'2019-09-04',0,2,1,'2019-09-05 22:20:59.00'),(441,14,'2019-10-13',0,3,1,'2019-09-10 08:50:16.00'),(442,10,'2019-09-20',0,5,1,'2019-09-08 02:25:29.00'),(443,4,'2019-10-19',0,2,1,'2019-09-13 14:04:15.00'),(444,3,'2019-09-22',0,2,1,'2019-09-01 14:35:43.00'),(445,13,'2019-10-30',0,6,1,'2019-09-06 01:11:25.00'),(446,4,'2019-10-22',0,3,1,'2019-09-11 02:27:53.00'),(447,14,'2019-09-10',0,6,1,'2019-09-08 03:27:08.00'),(448,7,'2019-09-04',0,5,1,'2019-09-07 10:38:35.00'),(449,6,'2019-10-06',0,4,1,'2019-09-05 22:57:21.00'),(450,14,'2019-09-23',0,1,1,'2019-09-03 16:52:17.00'),(451,14,'2019-10-16',0,4,1,'2019-09-05 14:33:26.00'),(452,10,'2019-09-11',0,3,1,'2019-09-07 06:29:59.00'),(453,9,'2019-10-21',0,6,1,'2019-09-01 09:46:13.00'),(454,13,'2019-09-19',0,4,1,'2019-09-08 20:56:42.00'),(455,12,'2019-09-30',0,5,1,'2019-09-08 08:18:16.00'),(456,1,'2019-09-04',0,7,1,'2019-09-13 10:42:26.00'),(457,2,'2019-10-24',0,2,1,'2019-09-12 19:30:32.00'),(458,14,'2019-09-24',0,2,1,'2019-09-04 19:03:08.00'),(459,14,'2019-09-20',0,7,1,'2019-09-09 14:08:34.00'),(460,9,'2019-10-19',0,6,1,'2019-09-06 02:51:06.00'),(461,15,'2019-10-01',0,7,1,'2019-09-10 22:17:05.00'),(462,14,'2019-09-06',0,5,1,'2019-09-12 09:37:57.00'),(463,2,'2019-10-28',0,5,1,'2019-09-04 17:21:45.00'),(464,3,'2019-09-04',0,2,1,'2019-09-02 01:24:04.00'),(465,1,'2019-10-10',0,7,1,'2019-09-03 13:48:48.00'),(466,12,'2019-10-25',0,2,1,'2019-09-14 04:29:35.00'),(467,9,'2019-10-03',0,7,1,'2019-09-06 05:00:47.00'),(468,12,'2019-10-10',0,6,1,'2019-09-08 03:56:54.00'),(469,15,'2019-10-25',0,7,1,'2019-09-03 00:36:14.00'),(470,11,'2019-10-12',0,1,1,'2019-09-13 17:46:23.00'),(471,4,'2019-10-09',0,2,1,'2019-09-03 05:57:01.00'),(472,10,'2019-09-13',0,6,1,'2019-09-09 16:45:43.00'),(473,6,'2019-10-13',0,7,1,'2019-09-09 04:41:12.00'),(474,13,'2019-10-23',0,6,1,'2019-09-14 03:15:29.00'),(475,9,'2019-10-03',0,7,1,'2019-09-13 08:41:33.00'),(476,10,'2019-10-03',0,5,1,'2019-09-10 22:45:11.00'),(477,14,'2019-10-03',0,3,1,'2019-09-07 01:43:39.00'),(478,5,'2019-09-20',0,5,1,'2019-09-03 08:49:59.00'),(479,11,'2019-10-24',0,1,1,'2019-09-12 04:43:16.00'),(480,10,'2019-09-12',0,1,1,'2019-09-08 11:37:17.00'),(481,3,'2019-09-10',0,1,1,'2019-09-01 09:01:12.00'),(482,11,'2019-09-02',0,5,1,'2019-09-12 02:44:46.00'),(483,6,'2019-10-17',0,3,1,'2019-08-31 22:33:27.00'),(484,11,'2019-09-08',0,6,1,'2019-09-10 02:02:27.00'),(485,10,'2019-09-04',0,5,1,'2019-09-12 11:49:27.00'),(486,3,'2019-09-15',0,5,1,'2019-09-06 10:28:43.00'),(487,7,'2019-09-05',0,1,1,'2019-09-02 01:57:14.00'),(488,15,'2019-09-24',0,6,1,'2019-09-04 09:06:07.00'),(489,1,'2019-10-17',0,3,1,'2019-09-03 02:03:09.00'),(490,14,'2019-09-25',0,5,1,'2019-09-01 09:50:05.00'),(491,4,'2019-09-08',0,6,1,'2019-09-11 15:27:28.00'),(492,9,'2019-09-21',0,7,1,'2019-09-01 11:25:23.00'),(493,10,'2019-09-02',0,5,1,'2019-09-12 17:40:17.00'),(494,14,'2019-09-26',0,6,1,'2019-09-07 16:52:47.00'),(495,15,'2019-10-17',0,6,1,'2019-09-03 23:30:14.00'),(496,4,'2019-10-02',0,5,1,'2019-09-10 13:49:08.00'),(497,8,'2019-10-27',0,4,1,'2019-09-08 19:07:12.00'),(498,1,'2019-09-29',0,6,1,'2019-09-10 12:44:29.00'),(499,1,'2019-09-06',0,1,1,'2019-09-03 15:20:22.00'),(500,15,'2019-10-19',0,2,1,'2019-09-12 06:12:41.00'),(501,13,'2019-10-09',0,7,1,'2019-09-09 04:49:31.00'),(502,13,'2019-10-15',0,2,1,'2019-09-13 20:57:51.00'),(503,11,'2019-10-20',0,2,1,'2019-09-12 13:32:27.00'),(504,6,'2019-10-19',0,7,1,'2019-09-02 14:34:58.00'),(505,3,'2019-10-25',0,4,1,'2019-09-08 11:43:47.00'),(506,8,'2019-09-24',0,1,1,'2019-09-04 14:36:01.00'),(507,4,'2019-09-10',0,6,1,'2019-09-02 07:26:30.00'),(508,9,'2019-09-20',0,7,1,'2019-09-09 09:06:01.00'),(509,15,'2019-09-13',0,1,1,'2019-09-07 00:15:22.00'),(510,9,'2019-09-23',0,1,1,'2019-09-14 04:21:08.00'),(511,4,'2019-09-28',0,5,1,'2019-09-09 14:48:00.00'),(512,6,'2019-09-24',0,7,1,'2019-09-10 19:02:57.00'),(513,11,'2019-10-20',0,6,1,'2019-09-06 17:48:17.00'),(514,6,'2019-10-28',0,1,1,'2019-09-07 00:28:15.00'),(515,13,'2019-10-12',0,3,1,'2019-09-09 01:17:04.00'),(516,9,'2019-10-19',0,5,1,'2019-09-06 11:30:21.00'),(517,15,'2019-09-16',0,4,1,'2019-09-06 23:33:53.00'),(518,3,'2019-09-05',0,1,1,'2019-09-05 17:36:32.00'),(519,8,'2019-09-12',0,3,1,'2019-09-13 04:15:22.00'),(520,3,'2019-09-03',0,7,1,'2019-09-04 03:23:09.00'),(521,4,'2019-09-20',0,4,1,'2019-09-10 02:00:54.00'),(522,8,'2019-09-10',0,5,1,'2019-09-10 04:04:30.00'),(523,8,'2019-09-29',0,4,1,'2019-09-13 20:50:05.00'),(524,5,'2019-09-15',0,1,1,'2019-09-06 14:04:32.00'),(525,9,'2019-09-02',0,6,1,'2019-09-10 10:15:30.00'),(526,5,'2019-10-17',0,1,1,'2019-09-07 14:52:32.00'),(527,2,'2019-10-19',0,4,1,'2019-09-03 11:57:40.00'),(528,2,'2019-09-26',0,2,1,'2019-09-05 14:55:23.00'),(529,5,'2019-09-07',0,5,1,'2019-09-13 20:56:21.00'),(530,8,'2019-10-29',0,7,1,'2019-09-08 09:34:57.00'),(531,5,'2019-10-26',0,6,1,'2019-09-06 17:18:25.00'),(532,8,'2019-10-10',0,6,1,'2019-09-07 14:52:24.00'),(533,6,'2019-10-03',0,7,1,'2019-09-13 05:18:21.00'),(534,11,'2019-09-29',0,7,1,'2019-09-01 08:58:07.00'),(535,5,'2019-10-28',0,7,1,'2019-09-11 10:20:20.00'),(536,8,'2019-10-24',0,7,1,'2019-09-13 19:25:50.00'),(537,10,'2019-10-13',0,4,1,'2019-09-08 01:14:03.00'),(538,12,'2019-09-24',0,5,1,'2019-09-09 03:12:55.00'),(539,2,'2019-09-23',0,7,1,'2019-09-12 22:21:08.00'),(540,10,'2019-09-19',0,2,1,'2019-09-09 13:15:05.00'),(541,2,'2019-09-13',0,1,1,'2019-09-04 19:26:30.00'),(542,7,'2019-09-30',0,6,1,'2019-09-11 13:35:57.00'),(543,11,'2019-09-30',0,5,1,'2019-09-12 07:03:03.00'),(544,11,'2019-10-27',0,5,1,'2019-09-04 17:49:40.00'),(545,1,'2019-09-16',0,3,1,'2019-09-02 11:22:19.00'),(546,14,'2019-10-03',0,2,1,'2019-09-12 09:39:06.00'),(547,10,'2019-09-01',0,3,1,'2019-09-14 14:05:15.00'),(548,13,'2019-09-25',0,7,1,'2019-09-09 09:45:27.00'),(549,7,'2019-09-23',0,3,1,'2019-09-11 02:19:53.00'),(550,1,'2019-10-09',0,2,1,'2019-09-10 01:08:06.00'),(551,5,'2019-10-09',0,5,1,'2019-09-08 12:22:12.00'),(552,12,'2019-10-16',0,1,1,'2019-09-06 21:17:30.00'),(553,2,'2019-09-09',0,2,1,'2019-09-08 20:38:26.00'),(554,14,'2019-10-17',0,7,1,'2019-09-09 13:21:00.00'),(555,7,'2019-09-26',0,3,1,'2019-09-06 13:21:28.00'),(556,13,'2019-10-29',0,7,1,'2019-09-11 11:38:56.00'),(557,11,'2019-09-23',0,3,1,'2019-09-12 07:48:54.00'),(558,12,'2019-10-07',0,7,1,'2019-09-12 14:30:29.00'),(559,6,'2019-10-15',0,4,1,'2019-09-08 02:30:22.00'),(560,10,'2019-10-06',0,4,1,'2019-09-13 01:45:08.00'),(561,1,'2019-10-28',0,6,1,'2019-09-06 04:32:30.00'),(562,6,'2019-10-17',0,7,1,'2019-09-03 15:29:31.00'),(563,12,'2019-10-14',0,7,1,'2019-09-11 12:49:43.00'),(564,2,'2019-10-23',0,2,1,'2019-09-06 20:17:14.00'),(565,7,'2019-09-10',0,2,1,'2019-09-07 06:11:32.00'),(566,15,'2019-10-29',0,5,1,'2019-09-11 00:42:41.00'),(567,11,'2019-10-03',0,7,1,'2019-09-07 09:10:25.00'),(568,8,'2019-09-23',0,6,1,'2019-09-02 00:46:02.00'),(569,10,'2019-09-02',0,5,1,'2019-09-12 03:44:33.00'),(570,9,'2019-09-29',0,6,1,'2019-09-01 17:57:13.00'),(571,3,'2019-10-01',0,6,1,'2019-09-11 15:19:23.00'),(572,6,'2019-10-25',0,7,1,'2019-09-07 06:10:28.00'),(573,1,'2019-09-30',0,4,1,'2019-09-13 21:09:10.00'),(574,8,'2019-09-29',0,7,1,'2019-09-13 07:00:53.00'),(575,8,'2019-09-09',0,6,1,'2019-09-10 22:49:09.00'),(576,2,'2019-09-04',0,4,1,'2019-09-05 09:46:10.00'),(577,12,'2019-09-15',0,7,1,'2019-09-10 07:27:59.00'),(578,7,'2019-09-26',0,6,1,'2019-09-05 07:07:35.00'),(579,7,'2019-09-21',0,5,1,'2019-09-09 05:17:37.00'),(580,14,'2019-09-26',0,4,1,'2019-09-01 16:03:03.00'),(581,6,'2019-10-08',0,3,1,'2019-09-01 03:39:47.00'),(582,9,'2019-10-03',0,6,1,'2019-09-12 15:02:55.00'),(583,11,'2019-10-07',0,2,1,'2019-09-02 13:06:53.00'),(584,3,'2019-09-28',0,4,1,'2019-09-03 12:19:28.00'),(585,6,'2019-10-29',0,5,1,'2019-09-06 04:43:38.00'),(586,5,'2019-09-20',0,2,1,'2019-09-08 08:19:49.00'),(587,1,'2019-10-02',0,4,1,'2019-09-05 02:12:53.00'),(588,2,'2019-10-24',0,1,1,'2019-09-07 16:13:26.00'),(589,2,'2019-09-29',0,7,1,'2019-09-04 00:30:05.00'),(590,14,'2019-09-02',0,5,1,'2019-09-04 02:44:59.00'),(591,8,'2019-10-07',0,2,1,'2019-09-06 04:48:36.00'),(592,12,'2019-10-22',0,7,1,'2019-09-11 11:08:24.00'),(593,2,'2019-09-30',0,4,1,'2019-09-11 10:48:26.00'),(594,13,'2019-10-12',0,2,1,'2019-09-07 12:32:48.00'),(595,10,'2019-10-24',0,3,1,'2019-09-11 23:04:27.00'),(596,4,'2019-09-30',0,7,1,'2019-09-10 03:06:56.00'),(597,5,'2019-09-26',0,4,1,'2019-09-14 12:13:05.00'),(598,4,'2019-09-14',0,5,1,'2019-09-06 11:29:03.00'),(599,11,'2019-10-19',0,4,1,'2019-09-10 20:36:54.00'),(600,3,'2019-10-23',0,7,1,'2019-09-09 08:22:17.00'),(601,2,'2019-09-19',0,1,1,'2019-09-08 09:30:40.00'),(602,1,'2019-09-25',0,4,1,'2019-09-06 02:41:03.00'),(603,15,'2019-10-10',0,3,1,'2019-09-04 04:06:38.00'),(604,1,'2019-10-17',0,4,1,'2019-09-13 15:36:51.00'),(605,15,'2019-09-05',0,3,1,'2019-09-06 22:32:59.00'),(606,4,'2019-10-16',0,7,1,'2019-09-07 21:21:01.00'),(607,7,'2019-10-17',0,7,1,'2019-09-02 15:46:56.00'),(608,15,'2019-10-09',0,2,1,'2019-09-07 16:19:35.00'),(609,12,'2019-09-24',0,5,1,'2019-09-07 15:07:40.00'),(610,1,'2019-09-26',0,6,1,'2019-09-12 14:14:45.00'),(611,15,'2019-09-08',0,4,1,'2019-09-07 03:24:42.00'),(612,10,'2019-10-02',0,1,1,'2019-09-04 03:35:40.00'),(613,4,'2019-10-21',0,5,1,'2019-09-10 03:13:10.00'),(614,14,'2019-10-13',0,1,1,'2019-09-10 10:33:27.00'),(615,13,'2019-09-16',0,7,1,'2019-09-08 11:53:39.00'),(616,7,'2019-09-30',0,5,1,'2019-09-01 15:37:00.00'),(617,11,'2019-10-07',0,5,1,'2019-09-03 00:08:38.00'),(618,6,'2019-10-08',0,3,1,'2019-09-05 01:05:40.00'),(619,13,'2019-10-17',0,7,1,'2019-09-05 22:03:15.00'),(620,8,'2019-10-28',0,5,1,'2019-09-02 21:49:08.00'),(621,6,'2019-09-17',0,1,1,'2019-09-04 04:16:57.00'),(622,3,'2019-10-22',0,4,1,'2019-09-05 13:31:29.00'),(623,6,'2019-10-16',0,4,1,'2019-09-03 23:46:37.00'),(624,11,'2019-10-26',0,7,1,'2019-09-12 10:46:37.00'),(625,12,'2019-09-12',0,5,1,'2019-09-12 11:49:16.00'),(626,6,'2019-09-09',0,2,1,'2019-09-10 20:37:46.00'),(627,1,'2019-09-02',0,1,1,'2019-09-01 06:05:22.00'),(628,1,'2019-09-20',0,7,1,'2019-08-31 23:08:34.00'),(629,10,'2019-09-28',0,5,1,'2019-09-07 20:06:27.00'),(630,2,'2019-10-24',0,4,1,'2019-09-03 03:48:57.00'),(631,6,'2019-10-14',0,1,1,'2019-09-01 18:12:25.00'),(632,14,'2019-09-17',0,4,1,'2019-09-11 06:23:30.00'),(633,8,'2019-09-10',0,1,1,'2019-09-05 22:41:10.00'),(634,13,'2019-09-02',0,4,1,'2019-09-10 11:36:02.00'),(635,14,'2019-09-25',0,2,1,'2019-09-11 20:09:32.00'),(636,5,'2019-09-25',0,2,1,'2019-09-10 06:41:55.00'),(637,1,'2019-09-22',0,6,1,'2019-09-05 16:16:14.00'),(638,12,'2019-10-06',0,2,1,'2019-09-02 17:31:21.00'),(639,4,'2019-09-19',0,5,1,'2019-09-12 06:50:20.00'),(640,5,'2019-09-11',0,3,1,'2019-09-13 13:13:04.00'),(641,2,'2019-09-30',0,6,1,'2019-09-05 23:35:05.00'),(642,4,'2019-10-12',0,7,1,'2019-09-10 00:51:19.00'),(643,3,'2019-09-16',0,2,1,'2019-09-02 19:34:32.00'),(644,11,'2019-10-10',0,4,1,'2019-09-02 12:20:09.00'),(645,8,'2019-09-03',0,6,1,'2019-09-06 13:40:32.00'),(646,7,'2019-10-28',0,3,1,'2019-09-10 00:48:36.00'),(647,14,'2019-09-12',0,1,1,'2019-09-12 05:42:05.00'),(648,11,'2019-09-23',0,1,1,'2019-09-06 15:06:44.00'),(649,6,'2019-10-15',0,2,1,'2019-09-09 13:45:28.00'),(650,15,'2019-10-18',0,1,1,'2019-09-09 12:43:06.00'),(651,2,'2019-09-26',0,1,1,'2019-09-04 19:35:34.00'),(652,12,'2019-10-26',0,4,1,'2019-09-01 02:15:00.00'),(653,9,'2019-09-09',0,5,1,'2019-09-13 21:48:32.00'),(654,12,'2019-10-06',0,7,1,'2019-09-03 07:39:52.00'),(655,13,'2019-10-04',0,6,1,'2019-09-02 19:08:22.00'),(656,15,'2019-09-25',0,7,1,'2019-09-06 07:52:36.00'),(657,8,'2019-09-16',0,4,1,'2019-09-10 07:05:39.00'),(658,11,'2019-09-23',0,6,1,'2019-09-04 00:08:22.00'),(659,5,'2019-10-06',0,1,1,'2019-09-11 06:16:39.00'),(660,10,'2019-10-30',0,7,1,'2019-09-08 12:52:00.00'),(661,11,'2019-09-21',0,5,1,'2019-09-11 01:23:03.00'),(662,8,'2019-10-26',0,4,1,'2019-09-08 00:10:51.00'),(663,6,'2019-09-23',0,7,1,'2019-09-05 08:12:08.00'),(664,15,'2019-09-30',0,6,1,'2019-09-13 15:05:04.00'),(665,5,'2019-10-24',0,3,1,'2019-09-07 04:46:28.00'),(666,2,'2019-10-08',0,1,1,'2019-09-08 01:58:32.00'),(667,7,'2019-09-21',0,1,1,'2019-09-10 17:58:28.00'),(668,10,'2019-10-13',0,6,1,'2019-09-03 23:47:40.00'),(669,1,'2019-10-04',0,3,1,'2019-09-11 08:39:21.00'),(670,6,'2019-09-14',0,2,1,'2019-09-03 22:25:26.00'),(671,9,'2019-10-05',0,6,1,'2019-09-12 04:09:02.00'),(672,4,'2019-10-28',0,1,1,'2019-09-14 12:25:45.00'),(673,1,'2019-09-23',0,5,1,'2019-09-02 01:01:03.00'),(674,13,'2019-10-27',0,2,1,'2019-09-02 08:05:33.00'),(675,6,'2019-09-06',0,7,1,'2019-09-11 07:03:39.00'),(676,5,'2019-10-09',0,7,1,'2019-09-01 14:03:43.00'),(677,9,'2019-10-21',0,2,1,'2019-09-05 03:20:08.00'),(678,6,'2019-09-05',0,1,1,'2019-08-31 23:36:17.00'),(679,7,'2019-10-02',0,2,1,'2019-09-03 10:08:07.00'),(680,13,'2019-09-12',0,7,1,'2019-09-10 21:54:27.00'),(681,4,'2019-09-01',0,7,1,'2019-09-04 09:19:55.00'),(682,4,'2019-10-13',0,6,1,'2019-09-02 18:08:40.00'),(683,10,'2019-09-28',0,3,1,'2019-09-09 18:18:09.00'),(684,11,'2019-09-30',0,6,1,'2019-09-08 08:19:10.00'),(685,15,'2019-10-04',0,5,1,'2019-09-07 16:53:51.00'),(686,4,'2019-10-13',0,7,1,'2019-09-02 07:33:11.00'),(687,4,'2019-10-21',0,7,1,'2019-09-01 13:08:24.00'),(688,3,'2019-09-03',0,2,1,'2019-09-11 23:07:00.00'),(689,3,'2019-09-20',0,1,1,'2019-09-08 06:58:38.00'),(690,6,'2019-09-13',0,2,1,'2019-09-07 13:30:04.00'),(691,9,'2019-10-06',0,2,1,'2019-09-04 03:24:39.00'),(692,14,'2019-09-04',0,2,1,'2019-09-02 03:47:00.00'),(693,7,'2019-10-30',0,4,1,'2019-09-01 06:38:59.00'),(694,1,'2019-09-25',0,5,1,'2019-09-09 01:09:45.00'),(695,15,'2019-09-05',0,4,1,'2019-09-06 05:24:12.00'),(696,13,'2019-10-02',0,1,1,'2019-09-05 15:34:37.00'),(697,13,'2019-09-08',0,4,1,'2019-09-08 11:16:34.00'),(698,14,'2019-09-24',0,5,1,'2019-09-14 08:24:59.00'),(699,8,'2019-09-15',0,1,1,'2019-09-12 06:28:24.00'),(700,3,'2019-10-18',0,5,1,'2019-09-04 17:28:22.00'),(701,14,'2019-10-05',0,3,1,'2019-09-14 19:03:15.00'),(702,7,'2019-10-04',0,2,1,'2019-09-10 02:43:51.00'),(703,5,'2019-10-18',0,6,1,'2019-09-05 15:03:26.00'),(704,1,'2019-10-01',0,1,1,'2019-09-13 13:59:10.00'),(705,8,'2019-09-18',0,4,1,'2019-09-03 07:04:36.00'),(706,11,'2019-09-11',0,4,1,'2019-09-09 00:09:04.00'),(707,2,'2019-09-06',0,1,1,'2019-09-06 08:39:58.00'),(708,3,'2019-09-18',0,7,1,'2019-09-04 02:03:07.00'),(709,1,'2019-09-19',0,3,1,'2019-09-01 22:47:07.00'),(710,3,'2019-09-20',0,3,1,'2019-09-13 09:03:32.00'),(711,7,'2019-09-16',0,4,1,'2019-09-06 14:32:34.00'),(712,14,'2019-09-03',0,6,1,'2019-09-05 05:14:27.00'),(713,8,'2019-10-17',0,1,1,'2019-09-13 10:59:09.00'),(714,11,'2019-09-21',0,3,1,'2019-09-06 04:00:20.00'),(715,11,'2019-09-25',0,4,1,'2019-09-08 10:35:27.00'),(716,12,'2019-10-09',0,1,1,'2019-09-14 09:23:16.00'),(717,5,'2019-09-10',0,5,1,'2019-09-01 00:25:02.00'),(718,3,'2019-09-15',0,1,1,'2019-09-05 21:49:59.00'),(719,12,'2019-10-16',0,7,1,'2019-09-03 10:49:53.00'),(720,7,'2019-10-27',0,6,1,'2019-09-03 08:15:26.00'),(721,13,'2019-09-27',0,5,1,'2019-08-31 22:53:04.00'),(722,11,'2019-09-17',0,5,1,'2019-09-04 19:18:14.00'),(723,12,'2019-09-14',0,4,1,'2019-09-14 19:16:25.00'),(724,10,'2019-09-09',0,2,1,'2019-09-13 12:56:53.00'),(725,3,'2019-09-16',0,6,1,'2019-09-04 05:10:34.00'),(726,1,'2019-10-28',0,5,1,'2019-09-10 10:40:01.00'),(727,9,'2019-09-17',0,4,1,'2019-09-09 13:26:14.00'),(728,11,'2019-10-01',0,7,1,'2019-09-12 01:44:11.00'),(729,9,'2019-10-11',0,7,1,'2019-09-05 02:39:42.00'),(730,11,'2019-09-28',0,1,1,'2019-09-12 17:04:24.00'),(731,2,'2019-10-13',0,4,1,'2019-09-14 17:07:36.00'),(732,8,'2019-10-25',0,7,1,'2019-09-05 03:21:27.00'),(733,9,'2019-10-08',0,4,1,'2019-09-05 18:28:21.00'),(734,12,'2019-10-30',0,4,1,'2019-09-12 23:18:17.00'),(735,8,'2019-09-26',0,7,1,'2019-09-07 18:13:58.00'),(736,12,'2019-10-26',0,2,1,'2019-09-06 15:42:53.00'),(737,15,'2019-10-21',0,6,1,'2019-09-01 18:01:08.00'),(738,4,'2019-10-06',0,3,1,'2019-09-01 06:10:10.00'),(739,5,'2019-10-20',0,7,1,'2019-09-02 06:10:02.00'),(740,3,'2019-10-24',0,6,1,'2019-09-13 14:22:37.00'),(741,15,'2019-10-15',0,3,1,'2019-09-07 17:12:58.00'),(742,3,'2019-10-16',0,2,1,'2019-09-07 15:03:37.00'),(743,2,'2019-10-12',0,4,1,'2019-09-07 23:08:18.00'),(744,8,'2019-09-20',0,2,1,'2019-09-13 09:45:05.00'),(745,6,'2019-09-15',0,5,1,'2019-09-13 21:05:39.00'),(746,14,'2019-09-10',0,2,1,'2019-09-06 02:10:55.00'),(747,5,'2019-09-01',0,6,1,'2019-09-11 18:28:19.00'),(748,1,'2019-10-13',0,5,1,'2019-09-12 07:06:22.00'),(749,4,'2019-10-11',0,3,1,'2019-09-02 08:52:48.00'),(750,10,'2019-10-05',0,5,1,'2019-09-03 18:18:49.00'),(751,7,'2019-09-18',0,7,1,'2019-09-11 21:40:54.00'),(752,3,'2019-09-07',0,3,1,'2019-09-05 21:31:52.00'),(753,9,'2019-10-19',0,4,1,'2019-09-08 05:07:08.00'),(754,5,'2019-09-16',0,5,1,'2019-09-06 17:45:09.00'),(755,1,'2019-10-11',0,4,1,'2019-09-11 21:31:32.00'),(756,13,'2019-09-26',0,4,1,'2019-09-05 16:10:28.00'),(757,14,'2019-09-07',0,4,1,'2019-09-06 22:55:39.00'),(758,12,'2019-09-13',0,4,1,'2019-09-02 05:55:11.00'),(759,14,'2019-09-02',0,5,1,'2019-09-13 14:05:58.00'),(760,3,'2019-10-09',0,1,1,'2019-09-03 15:21:10.00'),(761,14,'2019-10-12',0,1,1,'2019-09-08 02:00:20.00'),(762,6,'2019-09-23',0,5,1,'2019-09-07 04:03:34.00'),(763,2,'2019-09-11',0,1,1,'2019-09-14 11:32:57.00'),(764,15,'2019-10-02',0,1,1,'2019-09-01 12:37:25.00'),(765,13,'2019-10-17',0,1,1,'2019-09-10 07:49:57.00'),(766,8,'2019-10-15',0,7,1,'2019-09-03 22:33:40.00'),(767,15,'2019-10-01',0,3,1,'2019-09-08 01:41:16.00'),(768,13,'2019-09-05',0,2,1,'2019-09-07 22:31:16.00'),(769,13,'2019-10-16',0,5,1,'2019-09-03 00:48:30.00'),(770,5,'2019-10-29',0,7,1,'2019-09-04 15:05:20.00'),(771,14,'2019-10-04',0,4,1,'2019-09-12 19:03:00.00'),(772,5,'2019-09-07',0,6,1,'2019-09-08 06:38:48.00'),(773,7,'2019-10-25',0,6,1,'2019-09-12 04:32:16.00'),(774,12,'2019-10-22',0,4,1,'2019-09-07 08:37:16.00'),(775,2,'2019-10-02',0,5,1,'2019-09-09 09:54:36.00'),(776,15,'2019-10-09',0,7,1,'2019-09-09 04:19:36.00'),(777,8,'2019-09-17',0,2,1,'2019-09-14 13:45:54.00'),(778,8,'2019-10-17',0,6,1,'2019-09-05 05:40:52.00'),(779,12,'2019-09-08',0,7,1,'2019-09-14 20:01:54.00'),(780,10,'2019-10-27',0,6,1,'2019-09-09 07:58:52.00'),(781,7,'2019-09-06',0,2,1,'2019-09-01 15:33:07.00'),(782,3,'2019-10-27',0,7,1,'2019-09-02 03:26:22.00'),(783,2,'2019-10-29',0,2,1,'2019-09-05 11:28:48.00'),(784,13,'2019-09-24',0,7,1,'2019-09-03 10:03:01.00'),(785,7,'2019-10-08',0,7,1,'2019-09-05 22:20:32.00'),(786,7,'2019-09-11',0,3,1,'2019-09-02 15:06:57.00'),(787,8,'2019-09-25',0,2,1,'2019-09-10 04:59:38.00'),(788,8,'2019-09-29',0,2,1,'2019-09-08 02:32:02.00'),(789,5,'2019-09-28',0,1,1,'2019-09-07 10:48:29.00'),(790,5,'2019-10-05',0,7,1,'2019-09-10 10:34:53.00'),(791,11,'2019-09-11',0,6,1,'2019-09-04 08:24:35.00'),(792,3,'2019-10-24',0,4,1,'2019-09-12 12:24:53.00'),(793,2,'2019-10-28',0,7,1,'2019-09-14 20:52:02.00'),(794,1,'2019-10-11',0,3,1,'2019-09-14 21:48:04.00'),(795,10,'2019-09-15',0,5,1,'2019-09-12 22:30:13.00'),(796,14,'2019-10-03',0,2,1,'2019-09-08 18:31:04.00'),(797,9,'2019-09-30',0,1,1,'2019-09-07 17:06:49.00'),(798,3,'2019-10-14',0,2,1,'2019-09-01 05:17:13.00'),(799,5,'2019-10-25',0,2,1,'2019-09-02 02:50:11.00'),(800,4,'2019-10-20',0,5,1,'2019-09-14 03:14:11.00'),(801,2,'2019-10-11',0,3,1,'2019-09-09 10:35:53.00'),(802,8,'2019-10-04',0,4,1,'2019-09-04 17:45:18.00'),(803,5,'2019-10-25',0,2,1,'2019-09-03 17:59:31.00'),(804,4,'2019-09-15',0,1,1,'2019-09-03 01:35:33.00'),(805,4,'2019-10-27',0,5,1,'2019-09-08 08:52:57.00'),(806,1,'2019-09-11',0,7,1,'2019-09-11 23:46:51.00'),(807,4,'2019-09-16',0,2,1,'2019-09-02 21:35:20.00'),(808,3,'2019-09-02',0,6,1,'2019-09-14 13:23:29.00'),(809,13,'2019-10-07',0,5,1,'2019-09-05 10:00:21.00'),(810,9,'2019-10-21',0,7,1,'2019-09-02 00:05:50.00'),(811,15,'2019-09-28',0,6,1,'2019-09-01 13:29:45.00'),(812,3,'2019-09-27',0,4,1,'2019-09-09 02:39:52.00'),(813,10,'2019-10-08',0,6,1,'2019-09-11 12:38:07.00'),(814,15,'2019-09-23',0,7,1,'2019-09-04 02:15:12.00'),(815,9,'2019-09-06',0,6,1,'2019-09-01 13:22:25.00'),(816,4,'2019-10-16',0,1,1,'2019-09-07 10:25:36.00'),(817,15,'2019-09-03',0,7,1,'2019-09-07 06:37:46.00'),(818,6,'2019-09-02',0,2,1,'2019-09-11 02:59:58.00'),(819,9,'2019-09-19',0,6,1,'2019-09-13 23:43:48.00'),(820,11,'2019-10-16',0,5,1,'2019-09-13 23:58:18.00'),(821,4,'2019-09-29',0,7,1,'2019-09-01 22:30:21.00'),(822,2,'2019-10-30',0,6,1,'2019-09-11 19:26:27.00'),(823,4,'2019-09-04',0,3,1,'2019-09-05 15:35:28.00'),(824,6,'2019-10-02',0,6,1,'2019-09-11 06:14:04.00'),(825,1,'2019-10-21',0,7,1,'2019-09-11 23:21:16.00'),(826,2,'2019-10-03',0,5,1,'2019-09-01 00:32:06.00'),(827,8,'2019-10-12',0,2,1,'2019-09-12 18:46:51.00'),(828,11,'2019-09-21',0,6,1,'2019-09-05 12:48:12.00'),(829,6,'2019-10-11',0,1,1,'2019-09-10 18:31:17.00'),(830,6,'2019-09-13',0,3,1,'2019-09-06 15:15:23.00'),(831,12,'2019-10-12',0,1,1,'2019-09-05 22:31:46.00'),(832,11,'2019-09-06',0,5,1,'2019-09-05 11:53:35.00'),(833,15,'2019-10-06',0,5,1,'2019-09-05 17:19:28.00'),(834,5,'2019-09-09',0,6,1,'2019-09-03 14:26:45.00'),(835,6,'2019-09-11',0,7,1,'2019-09-14 11:52:17.00'),(836,2,'2019-09-08',0,6,1,'2019-09-14 17:52:10.00'),(837,3,'2019-10-23',0,6,1,'2019-09-07 03:05:41.00'),(838,7,'2019-09-23',0,1,1,'2019-09-01 15:19:56.00'),(839,10,'2019-10-03',0,5,1,'2019-09-10 02:07:38.00'),(840,12,'2019-09-26',0,7,1,'2019-09-08 14:16:30.00'),(841,3,'2019-09-09',0,3,1,'2019-09-07 01:12:47.00'),(842,12,'2019-09-21',0,2,1,'2019-09-13 15:00:55.00'),(843,15,'2019-09-24',0,6,1,'2019-09-12 17:20:42.00'),(844,8,'2019-09-23',0,1,1,'2019-09-10 00:03:59.00'),(845,5,'2019-09-26',0,7,1,'2019-09-12 21:46:11.00'),(846,6,'2019-10-22',0,6,1,'2019-09-13 20:34:36.00'),(847,1,'2019-09-19',0,6,1,'2019-09-04 01:45:31.00'),(848,14,'2019-10-28',0,2,1,'2019-09-11 21:15:42.00'),(849,10,'2019-10-19',0,6,1,'2019-09-02 03:52:41.00'),(850,6,'2019-09-21',0,4,1,'2019-09-08 09:06:49.00'),(851,13,'2019-10-09',0,2,1,'2019-09-04 16:46:35.00'),(852,10,'2019-09-11',0,6,1,'2019-09-11 14:26:22.00'),(853,12,'2019-09-19',0,7,1,'2019-09-05 23:01:34.00'),(854,9,'2019-09-13',0,5,1,'2019-09-02 16:10:17.00'),(855,7,'2019-09-26',0,7,1,'2019-09-01 17:10:00.00'),(856,5,'2019-09-17',0,3,1,'2019-09-06 23:43:37.00'),(857,11,'2019-09-22',0,1,1,'2019-09-12 07:53:31.00'),(858,9,'2019-10-28',0,1,1,'2019-09-05 08:54:59.00'),(859,6,'2019-10-22',0,2,1,'2019-09-07 01:12:53.00'),(860,3,'2019-09-19',0,3,1,'2019-09-14 17:00:01.00'),(861,1,'2019-10-03',0,4,1,'2019-09-02 14:09:50.00'),(862,5,'2019-09-12',0,5,1,'2019-09-01 16:03:48.00'),(863,8,'2019-09-12',0,6,1,'2019-09-01 02:46:47.00'),(864,12,'2019-10-12',0,7,1,'2019-09-13 07:57:46.00'),(865,3,'2019-10-10',0,2,1,'2019-09-04 21:25:30.00'),(866,6,'2019-10-16',0,7,1,'2019-09-04 19:14:56.00'),(867,1,'2019-10-22',0,4,1,'2019-09-12 15:00:49.00'),(868,2,'2019-10-19',0,2,1,'2019-08-31 22:58:45.00'),(869,4,'2019-09-18',0,6,1,'2019-09-09 20:47:31.00'),(870,7,'2019-09-08',0,1,1,'2019-09-04 11:37:39.00'),(871,9,'2019-09-09',0,2,1,'2019-09-01 18:20:30.00'),(872,10,'2019-09-16',0,6,1,'2019-09-05 16:44:01.00'),(873,10,'2019-09-25',0,4,1,'2019-09-05 18:16:55.00'),(874,13,'2019-10-26',0,1,1,'2019-09-14 18:34:40.00'),(875,11,'2019-10-19',0,4,1,'2019-09-13 07:31:49.00'),(876,4,'2019-09-28',0,4,1,'2019-09-09 03:03:54.00'),(877,9,'2019-10-07',0,2,1,'2019-09-04 13:04:14.00'),(878,1,'2019-10-03',0,4,1,'2019-09-13 12:28:15.00'),(879,8,'2019-10-23',0,6,1,'2019-09-05 19:38:25.00'),(880,3,'2019-09-19',0,1,1,'2019-09-11 04:10:02.00'),(881,8,'2019-09-26',0,2,1,'2019-09-10 14:33:53.00'),(882,10,'2019-10-19',0,3,1,'2019-09-10 04:15:56.00'),(883,10,'2019-09-12',0,1,1,'2019-09-06 14:08:26.00'),(884,12,'2019-09-08',0,7,1,'2019-09-04 01:40:04.00'),(885,6,'2019-09-19',0,4,1,'2019-09-01 20:20:40.00'),(886,2,'2019-09-19',0,7,1,'2019-09-09 20:14:43.00'),(887,9,'2019-09-25',0,3,1,'2019-09-07 08:01:07.00'),(888,14,'2019-10-26',0,3,1,'2019-09-12 13:07:57.00'),(889,10,'2019-09-08',0,7,1,'2019-09-12 23:08:18.00'),(890,1,'2019-09-01',0,3,1,'2019-09-04 05:25:21.00'),(891,5,'2019-09-01',0,3,1,'2019-09-08 01:26:50.00'),(892,2,'2019-09-04',0,4,1,'2019-09-13 01:21:48.00'),(893,12,'2019-09-26',0,3,1,'2019-09-04 00:41:54.00'),(894,5,'2019-10-08',0,2,1,'2019-09-12 15:39:19.00'),(895,15,'2019-09-23',0,5,1,'2019-09-07 16:48:39.00'),(896,11,'2019-10-01',0,7,1,'2019-09-04 12:34:48.00'),(897,10,'2019-09-25',0,4,1,'2019-09-01 03:54:37.00'),(898,12,'2019-09-13',0,1,1,'2019-09-14 01:45:01.00'),(899,1,'2019-10-23',0,1,1,'2019-09-09 14:16:41.00'),(900,15,'2019-09-18',0,5,1,'2019-09-10 12:30:31.00'),(901,14,'2019-10-18',0,7,1,'2019-09-01 14:56:39.00'),(902,11,'2019-09-22',0,2,1,'2019-09-13 19:05:07.00'),(903,6,'2019-09-14',0,2,1,'2019-09-06 12:42:26.00'),(904,8,'2019-10-22',0,7,1,'2019-09-14 09:31:40.00'),(905,12,'2019-09-04',0,6,1,'2019-09-07 17:15:01.00'),(906,6,'2019-09-18',0,7,1,'2019-09-13 04:28:16.00'),(907,15,'2019-10-18',0,2,1,'2019-09-06 00:45:34.00'),(908,13,'2019-09-20',0,3,1,'2019-09-05 12:22:39.00'),(909,14,'2019-10-06',0,4,1,'2019-09-08 22:11:42.00'),(910,3,'2019-09-13',0,7,1,'2019-09-04 16:15:16.00'),(911,5,'2019-10-08',0,7,1,'2019-09-11 18:06:42.00'),(912,1,'2019-10-04',0,7,1,'2019-09-02 04:49:24.00'),(913,10,'2019-09-01',0,4,1,'2019-09-13 09:16:26.00'),(914,14,'2019-10-18',0,2,1,'2019-09-01 11:03:26.00'),(915,2,'2019-10-14',0,4,1,'2019-09-13 11:43:57.00'),(916,1,'2019-09-09',0,2,1,'2019-09-07 01:33:27.00'),(917,3,'2019-10-12',0,6,1,'2019-09-02 12:45:58.00'),(918,3,'2019-10-14',0,4,1,'2019-09-04 12:27:16.00'),(919,11,'2019-09-07',0,6,1,'2019-09-03 21:28:35.00'),(920,9,'2019-10-08',0,1,1,'2019-09-07 14:42:02.00'),(921,6,'2019-10-01',0,4,1,'2019-09-13 23:57:09.00'),(922,4,'2019-09-24',0,6,1,'2019-09-13 07:32:29.00'),(923,9,'2019-10-21',0,1,1,'2019-09-08 07:04:10.00'),(924,11,'2019-09-28',0,1,1,'2019-09-10 20:33:55.00'),(925,3,'2019-10-08',0,6,1,'2019-09-01 04:45:37.00'),(926,7,'2019-09-17',0,1,1,'2019-09-06 16:55:43.00'),(927,3,'2019-10-06',0,2,1,'2019-09-08 04:07:43.00'),(928,1,'2019-09-01',0,7,1,'2019-09-12 10:21:23.00'),(929,11,'2019-09-24',0,5,1,'2019-09-02 03:04:55.00'),(930,5,'2019-09-11',0,6,1,'2019-09-12 03:25:37.00'),(931,10,'2019-10-17',0,2,1,'2019-09-01 16:18:59.00'),(932,4,'2019-10-17',0,6,1,'2019-09-09 01:08:32.00'),(933,15,'2019-09-11',0,3,1,'2019-09-04 04:40:44.00'),(934,3,'2019-10-17',0,3,1,'2019-09-07 21:08:40.00'),(935,11,'2019-09-07',0,3,1,'2019-09-10 23:53:13.00'),(936,3,'2019-10-30',0,6,1,'2019-09-04 16:10:38.00'),(937,11,'2019-10-21',0,6,1,'2019-09-05 01:22:17.00'),(938,9,'2019-09-07',0,1,1,'2019-09-04 03:36:47.00'),(939,3,'2019-09-07',0,7,1,'2019-09-11 11:37:08.00'),(940,8,'2019-09-13',0,3,1,'2019-09-14 17:15:59.00'),(941,10,'2019-09-19',0,7,1,'2019-09-13 08:34:48.00'),(942,15,'2019-10-23',0,2,1,'2019-09-13 11:02:48.00'),(943,1,'2019-10-30',0,2,1,'2019-09-05 19:16:57.00'),(944,11,'2019-09-01',0,7,1,'2019-09-02 08:03:20.00'),(945,2,'2019-10-04',0,6,1,'2019-09-10 00:53:00.00'),(946,5,'2019-09-24',0,2,1,'2019-09-08 04:01:47.00'),(947,4,'2019-09-28',0,3,1,'2019-09-10 04:07:13.00'),(948,6,'2019-10-05',0,3,1,'2019-09-08 14:51:02.00'),(949,3,'2019-10-15',0,6,1,'2019-09-14 13:09:17.00'),(950,13,'2019-10-29',0,7,1,'2019-09-12 23:56:18.00'),(951,5,'2019-10-10',0,4,1,'2019-09-10 10:22:29.00'),(952,4,'2019-10-17',0,7,1,'2019-09-13 14:54:12.00'),(953,4,'2019-09-27',0,6,1,'2019-09-03 11:04:35.00'),(954,2,'2019-10-17',0,1,1,'2019-09-13 18:47:57.00'),(955,14,'2019-10-17',0,3,1,'2019-09-09 12:28:07.00'),(956,7,'2019-10-29',0,5,1,'2019-09-07 18:28:54.00'),(957,14,'2019-10-30',0,2,1,'2019-09-09 23:07:48.00'),(958,5,'2019-09-17',0,4,1,'2019-09-14 10:43:21.00'),(959,8,'2019-10-12',0,4,1,'2019-09-03 18:58:31.00'),(960,7,'2019-10-19',0,6,1,'2019-09-09 04:09:23.00'),(961,12,'2019-10-18',0,2,1,'2019-09-04 07:24:36.00'),(962,12,'2019-10-10',0,4,1,'2019-09-01 18:11:19.00'),(963,15,'2019-09-27',0,1,1,'2019-09-12 18:42:23.00'),(964,4,'2019-09-07',0,2,1,'2019-09-03 01:14:31.00'),(965,1,'2019-10-16',0,6,1,'2019-09-10 11:07:26.00'),(966,13,'2019-09-06',0,3,1,'2019-09-06 13:01:38.00'),(967,12,'2019-10-05',0,3,1,'2019-09-06 11:18:15.00'),(968,6,'2019-09-05',0,6,1,'2019-09-09 20:52:57.00'),(969,13,'2019-10-05',0,6,1,'2019-09-12 03:46:31.00'),(970,12,'2019-09-19',0,4,1,'2019-09-12 03:51:09.00'),(971,2,'2019-09-06',0,7,1,'2019-09-09 15:12:31.00'),(972,3,'2019-09-22',0,7,1,'2019-09-01 15:47:31.00'),(973,10,'2019-09-02',0,5,1,'2019-09-07 17:05:12.00'),(974,8,'2019-10-04',0,4,1,'2019-09-12 07:53:33.00'),(975,10,'2019-09-20',0,2,1,'2019-09-10 04:06:54.00'),(976,5,'2019-09-08',0,4,1,'2019-08-31 22:07:50.00'),(977,15,'2019-10-12',0,5,1,'2019-09-09 13:52:03.00'),(978,15,'2019-10-30',0,4,1,'2019-09-04 07:29:30.00'),(979,12,'2019-09-23',0,2,1,'2019-09-03 05:22:13.00'),(980,4,'2019-09-17',0,6,1,'2019-09-03 07:45:26.00'),(981,8,'2019-09-08',0,6,1,'2019-09-03 01:48:25.00'),(982,13,'2019-10-08',0,2,1,'2019-09-07 05:36:24.00'),(983,4,'2019-09-14',0,5,1,'2019-08-31 22:25:05.00'),(984,14,'2019-09-30',0,3,1,'2019-09-13 18:27:14.00'),(985,5,'2019-10-23',0,1,1,'2019-09-03 04:21:18.00'),(986,3,'2019-10-24',0,2,1,'2019-09-09 16:15:22.00'),(987,5,'2019-10-07',0,6,1,'2019-09-04 18:21:54.00'),(988,5,'2019-10-27',0,6,1,'2019-09-12 10:03:43.00'),(989,8,'2019-09-11',0,5,1,'2019-09-10 06:21:04.00'),(990,14,'2019-09-13',0,5,1,'2019-09-06 15:49:09.00'),(991,7,'2019-09-12',0,7,1,'2019-09-05 15:40:32.00'),(992,10,'2019-10-18',0,5,1,'2019-09-03 05:30:29.00'),(993,1,'2019-09-23',0,2,1,'2019-09-09 22:41:59.00'),(994,10,'2019-10-14',0,5,1,'2019-09-06 03:28:45.00'),(995,8,'2019-09-26',0,1,1,'2019-09-13 07:00:29.00'),(996,5,'2019-10-05',0,3,1,'2019-09-10 01:58:30.00'),(997,6,'2019-10-17',0,1,1,'2019-09-06 05:04:32.00'),(998,13,'2019-10-13',0,3,1,'2019-09-08 16:38:41.00'),(999,6,'2019-10-18',0,1,1,'2019-09-13 07:53:49.00'),(1000,6,'2019-09-20',0,3,1,'2019-09-02 10:01:46.00');
/*!40000 ALTER TABLE `man_shifts` ENABLE KEYS */;
UNLOCK TABLES;

--
-- Table structure for table `months`
--

DROP TABLE IF EXISTS `months`;
/*!40101 SET @saved_cs_client     = @@character_set_client */;
/*!40101 SET character_set_client = utf8 */;
CREATE TABLE `months` (
  `month_id` int(11) NOT NULL AUTO_INCREMENT,
  `year_month` date NOT NULL,
  PRIMARY KEY (`month_id`),
  UNIQUE KEY `year_month_UNIQUE` (`year_month`)
) ENGINE=InnoDB AUTO_INCREMENT=17 DEFAULT CHARSET=utf8;
/*!40101 SET character_set_client = @saved_cs_client */;

--
-- Dumping data for table `months`
--

LOCK TABLES `months` WRITE;
/*!40000 ALTER TABLE `months` DISABLE KEYS */;
INSERT INTO `months` VALUES (1,'2019-09-01'),(2,'2019-10-01'),(3,'2019-11-01'),(4,'2019-12-01'),(5,'2020-01-01'),(6,'2020-02-01'),(7,'2020-03-01'),(8,'2020-04-01'),(9,'2020-05-01'),(10,'2020-06-01'),(11,'2020-07-01'),(12,'2020-08-01'),(13,'2020-09-01'),(14,'2020-10-01'),(15,'2020-11-01'),(16,'2020-12-01');
/*!40000 ALTER TABLE `months` ENABLE KEYS */;
UNLOCK TABLES;

--
-- Table structure for table `roles`
--

DROP TABLE IF EXISTS `roles`;
/*!40101 SET @saved_cs_client     = @@character_set_client */;
/*!40101 SET character_set_client = utf8 */;
CREATE TABLE `roles` (
  `role_id` tinyint(4) NOT NULL AUTO_INCREMENT,
  `role` char(3) COLLATE utf8_unicode_ci NOT NULL,
  PRIMARY KEY (`role_id`),
  UNIQUE KEY `role` (`role`)
) ENGINE=InnoDB AUTO_INCREMENT=7 DEFAULT CHARSET=utf8 COLLATE=utf8_unicode_ci;
/*!40101 SET character_set_client = @saved_cs_client */;

--
-- Dumping data for table `roles`
--

LOCK TABLES `roles` WRITE;
/*!40000 ALTER TABLE `roles` DISABLE KEYS */;
INSERT INTO `roles` VALUES (1,'adm'),(3,'ins'),(4,'koo'),(5,'koz'),(2,'ser'),(6,'tmp');
/*!40000 ALTER TABLE `roles` ENABLE KEYS */;
UNLOCK TABLES;

--
-- Table structure for table `shifts`
--

DROP TABLE IF EXISTS `shifts`;
/*!40101 SET @saved_cs_client     = @@character_set_client */;
/*!40101 SET character_set_client = utf8 */;
CREATE TABLE `shifts` (
  `shift_id` tinyint(4) NOT NULL AUTO_INCREMENT,
  `shift_start` smallint(4) unsigned zerofill NOT NULL,
  `role_id` tinyint(4) NOT NULL,
  PRIMARY KEY (`shift_id`)
) ENGINE=InnoDB AUTO_INCREMENT=12 DEFAULT CHARSET=utf8 COLLATE=utf8_unicode_ci;
/*!40101 SET character_set_client = @saved_cs_client */;

--
-- Dumping data for table `shifts`
--

LOCK TABLES `shifts` WRITE;
/*!40000 ALTER TABLE `shifts` DISABLE KEYS */;
INSERT INTO `shifts` VALUES (1,0540,3),(2,0660,3),(3,0780,3),(4,0900,3),(5,1020,3),(6,1140,3),(7,1260,3),(8,0540,2),(9,0720,2),(10,0900,2),(11,1080,2);
/*!40000 ALTER TABLE `shifts` ENABLE KEYS */;
UNLOCK TABLES;

--
-- Table structure for table `status`
--

DROP TABLE IF EXISTS `status`;
/*!40101 SET @saved_cs_client     = @@character_set_client */;
/*!40101 SET character_set_client = utf8 */;
CREATE TABLE `status` (
  `status_id` tinyint(4) NOT NULL AUTO_INCREMENT,
  `status` char(4) COLLATE utf8_unicode_ci NOT NULL,
  PRIMARY KEY (`status_id`),
  UNIQUE KEY `status` (`status`)
) ENGINE=InnoDB AUTO_INCREMENT=9 DEFAULT CHARSET=utf8 COLLATE=utf8_unicode_ci;
/*!40101 SET character_set_client = @saved_cs_client */;

--
-- Dumping data for table `status`
--

LOCK TABLES `status` WRITE;
/*!40000 ALTER TABLE `status` DISABLE KEYS */;
INSERT INTO `status` VALUES (2,'anim'),(4,'eaqu'),(7,'esse'),(5,'eum'),(1,'quia'),(6,'rati'),(8,'sint'),(3,'vel');
/*!40000 ALTER TABLE `status` ENABLE KEYS */;
UNLOCK TABLES;

--
-- Table structure for table `subdivisions`
--

DROP TABLE IF EXISTS `subdivisions`;
/*!40101 SET @saved_cs_client     = @@character_set_client */;
/*!40101 SET character_set_client = utf8 */;
CREATE TABLE `subdivisions` (
  `subdivision_id` tinyint(4) NOT NULL AUTO_INCREMENT,
  `subdivision_name` varchar(20) CHARACTER SET utf8 NOT NULL,
  PRIMARY KEY (`subdivision_id`)
) ENGINE=InnoDB AUTO_INCREMENT=16 DEFAULT CHARSET=utf8 COLLATE=utf8_unicode_ci;
/*!40101 SET character_set_client = @saved_cs_client */;

--
-- Dumping data for table `subdivisions`
--

LOCK TABLES `subdivisions` WRITE;
/*!40000 ALTER TABLE `subdivisions` DISABLE KEYS */;
INSERT INTO `subdivisions` VALUES (1,'dolorum'),(2,'dignissimos'),(3,'sequi'),(4,'nihil'),(5,'qui'),(6,'facere'),(7,'ipsam'),(8,'itaque'),(9,'eum'),(10,'corporis'),(11,'rerum'),(12,'dignissimos'),(13,'est'),(14,'dolor'),(15,'in');
/*!40000 ALTER TABLE `subdivisions` ENABLE KEYS */;
UNLOCK TABLES;

--
-- Table structure for table `users`
--

DROP TABLE IF EXISTS `users`;
/*!40101 SET @saved_cs_client     = @@character_set_client */;
/*!40101 SET character_set_client = utf8 */;
CREATE TABLE `users` (
  `user_id` smallint(5) unsigned NOT NULL AUTO_INCREMENT,
  `username_csr` char(3) COLLATE utf8_unicode_ci NOT NULL,
  `first_name` varchar(30) COLLATE utf8_unicode_ci NOT NULL,
  `last_name` varchar(30) COLLATE utf8_unicode_ci NOT NULL,
  `phone_num` int(11) NOT NULL,
  `active` tinyint(1) NOT NULL,
  `hash` varchar(255) COLLATE utf8_unicode_ci NOT NULL,
  `role_id` tinyint(4) NOT NULL,
  `last_pass_reset` timestamp(2) NOT NULL DEFAULT '2018-12-31 23:00:01.00',
  PRIMARY KEY (`user_id`),
  UNIQUE KEY `username_csr` (`username_csr`),
  KEY `fk_users_1_idx` (`role_id`),
  CONSTRAINT `fk_users_1` FOREIGN KEY (`role_id`) REFERENCES `roles` (`role_id`) ON DELETE NO ACTION ON UPDATE NO ACTION
) ENGINE=InnoDB AUTO_INCREMENT=193 DEFAULT CHARSET=utf8 COLLATE=utf8_unicode_ci;
/*!40101 SET character_set_client = @saved_cs_client */;

--
-- Dumping data for table `users`
--

LOCK TABLES `users` WRITE;
/*!40000 ALTER TABLE `users` DISABLE KEYS */;
INSERT INTO `users` VALUES (1,'ado','Lindsey','Hudson',605310490,1,'$2b$10$s.2v6oiCqvc3R2lOhSNvt.tQKVYqYaEfWNhszgXQuerdGhe.goYLG',1,'2018-12-31 23:00:01.00'),(2,'ais','Tommie Lee Jones','McDermott',605310490,1,'$2b$10$s.2v6oiCqvc3R2lOhSNvt.tQKVYqYaEfWNhszgXQuerdGhe.goYLG',2,'2018-12-31 23:00:01.00'),(3,'ale','Jacquelyn','Glover',605310490,1,'$2b$10$s.2v6oiCqvc3R2lOhSNvt.tQKVYqYaEfWNhszgXQuerdGhe.goYLG',2,'2018-12-31 23:00:01.00'),(4,'alf','Pearline','Blick',605310490,1,'$2b$10$s.2v6oiCqvc3R2lOhSNvt.tQKVYqYaEfWNhszgXQuerdGhe.goYLG',2,'2018-12-31 23:00:01.00'),(5,'all','Ettie','Kautzer',605310490,1,'$2b$10$s.2v6oiCqvc3R2lOhSNvt.tQKVYqYaEfWNhszgXQuerdGhe.goYLG',2,'2018-12-31 23:00:01.00'),(6,'alv','Crystel','Huels',605310490,1,'$2b$10$s.2v6oiCqvc3R2lOhSNvt.tQKVYqYaEfWNhszgXQuerdGhe.goYLG',2,'2018-12-31 23:00:01.00'),(7,'ang','Violet','Morar',605310490,1,'$2b$10$s.2v6oiCqvc3R2lOhSNvt.tQKVYqYaEfWNhszgXQuerdGhe.goYLG',2,'2018-12-31 23:00:01.00'),(8,'ani','Arjun','Graham',605310490,1,'$2b$10$s.2v6oiCqvc3R2lOhSNvt.tQKVYqYaEfWNhszgXQuerdGhe.goYLG',2,'2018-12-31 23:00:01.00'),(9,'are','Hailie','Tremblay',605310490,1,'$2b$10$s.2v6oiCqvc3R2lOhSNvt.tQKVYqYaEfWNhszgXQuerdGhe.goYLG',2,'2018-12-31 23:00:01.00'),(10,'ash','Ole','Cummerata',605310490,1,'$2b$10$s.2v6oiCqvc3R2lOhSNvt.tQKVYqYaEfWNhszgXQuerdGhe.goYLG',2,'2018-12-31 23:00:01.00'),(11,'auf','Clark','Towne',605310490,1,'$2b$10$s.2v6oiCqvc3R2lOhSNvt.tQKVYqYaEfWNhszgXQuerdGhe.goYLG',2,'2018-12-31 23:00:01.00'),(12,'aus','Theresia','Connelly',605310490,1,'$2b$10$s.2v6oiCqvc3R2lOhSNvt.tQKVYqYaEfWNhszgXQuerdGhe.goYLG',2,'2018-12-31 23:00:01.00'),(13,'ayd','Mariane','Kulas',605310490,1,'$2b$10$s.2v6oiCqvc3R2lOhSNvt.tQKVYqYaEfWNhszgXQuerdGhe.goYLG',2,'2018-12-31 23:00:01.00'),(14,'bee','John','Dare',605310490,1,'$2b$10$s.2v6oiCqvc3R2lOhSNvt.tQKVYqYaEfWNhszgXQuerdGhe.goYLG',2,'2018-12-31 23:00:01.00'),(15,'ber','Lucienne','McKenzie',605310490,1,'$2b$10$s.2v6oiCqvc3R2lOhSNvt.tQKVYqYaEfWNhszgXQuerdGhe.goYLG',2,'2018-12-31 23:00:01.00'),(16,'bgi','Meghan','Miller',605310490,1,'$2b$10$s.2v6oiCqvc3R2lOhSNvt.tQKVYqYaEfWNhszgXQuerdGhe.goYLG',3,'2018-12-31 23:00:01.00'),(17,'bin','Kaitlyn','Bauch',605310490,1,'$2b$10$s.2v6oiCqvc3R2lOhSNvt.tQKVYqYaEfWNhszgXQuerdGhe.goYLG',3,'2018-12-31 23:00:01.00'),(18,'blo','Susan','Hammes',605310490,1,'$2b$10$s.2v6oiCqvc3R2lOhSNvt.tQKVYqYaEfWNhszgXQuerdGhe.goYLG',3,'2018-12-31 23:00:01.00'),(19,'bos','Kay','Kshlerin',605310490,1,'$2b$10$s.2v6oiCqvc3R2lOhSNvt.tQKVYqYaEfWNhszgXQuerdGhe.goYLG',3,'2018-12-31 23:00:01.00'),(20,'bra','Heloise','Steuber',605310490,1,'$2b$10$s.2v6oiCqvc3R2lOhSNvt.tQKVYqYaEfWNhszgXQuerdGhe.goYLG',3,'2018-12-31 23:00:01.00'),(21,'bre','Ervin','Mertz',605310490,1,'$2b$10$s.2v6oiCqvc3R2lOhSNvt.tQKVYqYaEfWNhszgXQuerdGhe.goYLG',4,'2018-12-31 23:00:01.00'),(22,'bro','Annetta','Bode',605310490,1,'$2b$10$s.2v6oiCqvc3R2lOhSNvt.tQKVYqYaEfWNhszgXQuerdGhe.goYLG',4,'2018-12-31 23:00:01.00'),(23,'bst','Krystal','Eichmann',605310490,1,'$2b$10$s.2v6oiCqvc3R2lOhSNvt.tQKVYqYaEfWNhszgXQuerdGhe.goYLG',4,'2018-12-31 23:00:01.00'),(24,'car','Albin','Smith',605310490,1,'$2b$10$s.2v6oiCqvc3R2lOhSNvt.tQKVYqYaEfWNhszgXQuerdGhe.goYLG',4,'2018-12-31 23:00:01.00'),(25,'cbo','Sonya','King',605310490,1,'$2b$10$s.2v6oiCqvc3R2lOhSNvt.tQKVYqYaEfWNhszgXQuerdGhe.goYLG',4,'2018-12-31 23:00:01.00'),(26,'PRE','Josianne','Langworth',605310490,1,'$2b$10$s.2v6oiCqvc3R2lOhSNvt.tQKVYqYaEfWNhszgXQuerdGhe.goYLG',5,'2018-12-31 23:00:01.00'),(27,'chr','Else','Lueilwitz',605310490,1,'$2b$10$s.2v6oiCqvc3R2lOhSNvt.tQKVYqYaEfWNhszgXQuerdGhe.goYLG',1,'2018-12-31 23:00:01.00'),(28,'cla','Trystan','Steuber',605310490,1,'$2b$10$s.2v6oiCqvc3R2lOhSNvt.tQKVYqYaEfWNhszgXQuerdGhe.goYLG',1,'2018-12-31 23:00:01.00'),(29,'cle','Wilmer','Hackett',605310490,1,'$2b$10$s.2v6oiCqvc3R2lOhSNvt.tQKVYqYaEfWNhszgXQuerdGhe.goYLG',1,'2018-12-31 23:00:01.00'),(30,'con','Mohammed','Crona',605310490,0,'$2b$10$s.2v6oiCqvc3R2lOhSNvt.tQKVYqYaEfWNhszgXQuerdGhe.goYLG',1,'2018-12-31 23:00:01.00'),(31,'cry','Grady','Hamill',605310490,1,'$2b$10$s.2v6oiCqvc3R2lOhSNvt.tQKVYqYaEfWNhszgXQuerdGhe.goYLG',1,'2018-12-31 23:00:01.00'),(32,'csc','Genevieve','Beer',605310490,1,'$2b$10$s.2v6oiCqvc3R2lOhSNvt.tQKVYqYaEfWNhszgXQuerdGhe.goYLG',1,'2018-12-31 23:00:01.00'),(33,'cum','Tracy','Ebert',605310490,1,'$2b$10$s.2v6oiCqvc3R2lOhSNvt.tQKVYqYaEfWNhszgXQuerdGhe.goYLG',1,'2018-12-31 23:00:01.00'),(34,'CVX','Filip','Testowy',605310490,1,'$2b$10$s.2v6oiCqvc3R2lOhSNvt.tQKVYqYaEfWNhszgXQuerdGhe.goYLG',1,'2018-12-31 23:00:01.00'),(35,'cwi','Cristal','Trantow',605310490,1,'$2b$10$s.2v6oiCqvc3R2lOhSNvt.tQKVYqYaEfWNhszgXQuerdGhe.goYLG',1,'2018-12-31 23:00:01.00'),(36,'cyd','Lacy','Keeling',605310490,1,'$2b$10$s.2v6oiCqvc3R2lOhSNvt.tQKVYqYaEfWNhszgXQuerdGhe.goYLG',1,'2018-12-31 23:00:01.00'),(37,'d\'a','Bryana','Oberbrunner',605310490,1,'$2b$10$s.2v6oiCqvc3R2lOhSNvt.tQKVYqYaEfWNhszgXQuerdGhe.goYLG',1,'2018-12-31 23:00:01.00'),(38,'dar','Dorris','Volkman',605310490,1,'$2b$10$s.2v6oiCqvc3R2lOhSNvt.tQKVYqYaEfWNhszgXQuerdGhe.goYLG',1,'2018-12-31 23:00:01.00'),(39,'dia','Providenci','Jones',605310490,1,'$2b$10$s.2v6oiCqvc3R2lOhSNvt.tQKVYqYaEfWNhszgXQuerdGhe.goYLG',1,'2018-12-31 23:00:01.00'),(40,'dor','Oleta','Christiansen',605310490,1,'$2b$10$s.2v6oiCqvc3R2lOhSNvt.tQKVYqYaEfWNhszgXQuerdGhe.goYLG',1,'2018-12-31 23:00:01.00'),(41,'ele','Clay','Schroeder',605310490,1,'$2b$10$s.2v6oiCqvc3R2lOhSNvt.tQKVYqYaEfWNhszgXQuerdGhe.goYLG',1,'2018-12-31 23:00:01.00'),(42,'emi','Cora','Dach',605310490,1,'$2b$10$s.2v6oiCqvc3R2lOhSNvt.tQKVYqYaEfWNhszgXQuerdGhe.goYLG',1,'2018-12-31 23:00:01.00'),(43,'eni','April','Leuschke',605310490,1,'$2b$10$s.2v6oiCqvc3R2lOhSNvt.tQKVYqYaEfWNhszgXQuerdGhe.goYLG',1,'2018-12-31 23:00:01.00'),(44,'esw','Mollie','Orn',605310490,1,'$2b$10$s.2v6oiCqvc3R2lOhSNvt.tQKVYqYaEfWNhszgXQuerdGhe.goYLG',1,'2018-12-31 23:00:01.00'),(45,'eug','Sam','Kulas',605310490,1,'$2b$10$s.2v6oiCqvc3R2lOhSNvt.tQKVYqYaEfWNhszgXQuerdGhe.goYLG',1,'2018-12-31 23:00:01.00'),(46,'fre','Mackenzie','Kuhic',605310490,1,'$2b$10$s.2v6oiCqvc3R2lOhSNvt.tQKVYqYaEfWNhszgXQuerdGhe.goYLG',1,'2018-12-31 23:00:01.00'),(47,'fri','Emerald','Bins',605310490,1,'$2b$10$s.2v6oiCqvc3R2lOhSNvt.tQKVYqYaEfWNhszgXQuerdGhe.goYLG',1,'2018-12-31 23:00:01.00'),(48,'ger','Roslyn','Wolf',605310490,1,'$2b$10$s.2v6oiCqvc3R2lOhSNvt.tQKVYqYaEfWNhszgXQuerdGhe.goYLG',1,'2018-12-31 23:00:01.00'),(49,'gil','Timothy','Glover',605310490,1,'$2b$10$s.2v6oiCqvc3R2lOhSNvt.tQKVYqYaEfWNhszgXQuerdGhe.goYLG',1,'2018-12-31 23:00:01.00'),(50,'gku','Maymie','Price',605310490,1,'$2b$10$s.2v6oiCqvc3R2lOhSNvt.tQKVYqYaEfWNhszgXQuerdGhe.goYLG',1,'2018-12-31 23:00:01.00'),(51,'gus','Ted','Schmeler',605310490,1,'$2b$10$s.2v6oiCqvc3R2lOhSNvt.tQKVYqYaEfWNhszgXQuerdGhe.goYLG',1,'2018-12-31 23:00:01.00'),(52,'haa','Lou','Kohler',605310490,1,'$2b$10$s.2v6oiCqvc3R2lOhSNvt.tQKVYqYaEfWNhszgXQuerdGhe.goYLG',1,'2018-12-31 23:00:01.00'),(53,'har','Eulah','Koch',605310490,1,'$2b$10$s.2v6oiCqvc3R2lOhSNvt.tQKVYqYaEfWNhszgXQuerdGhe.goYLG',1,'2018-12-31 23:00:01.00'),(54,'hom','Dustin','Stanton',605310490,1,'$2b$10$s.2v6oiCqvc3R2lOhSNvt.tQKVYqYaEfWNhszgXQuerdGhe.goYLG',1,'2018-12-31 23:00:01.00'),(55,'ida','Millie','Grady',605310490,1,'$2b$10$s.2v6oiCqvc3R2lOhSNvt.tQKVYqYaEfWNhszgXQuerdGhe.goYLG',1,'2018-12-31 23:00:01.00'),(56,'jac','Anita','Fay',605310490,1,'$2b$10$s.2v6oiCqvc3R2lOhSNvt.tQKVYqYaEfWNhszgXQuerdGhe.goYLG',1,'2018-12-31 23:00:01.00'),(57,'jam','Dane','Kris',605310490,1,'$2b$10$s.2v6oiCqvc3R2lOhSNvt.tQKVYqYaEfWNhszgXQuerdGhe.goYLG',1,'2018-12-31 23:00:01.00'),(58,'jar','Julianne','Muller',605310490,1,'$2b$10$s.2v6oiCqvc3R2lOhSNvt.tQKVYqYaEfWNhszgXQuerdGhe.goYLG',1,'2018-12-31 23:00:01.00'),(59,'jen','Stevie','Ruecker',605310490,1,'$2b$10$s.2v6oiCqvc3R2lOhSNvt.tQKVYqYaEfWNhszgXQuerdGhe.goYLG',1,'2018-12-31 23:00:01.00'),(60,'jja','Yvette','Boyer',605310490,1,'$2b$10$s.2v6oiCqvc3R2lOhSNvt.tQKVYqYaEfWNhszgXQuerdGhe.goYLG',1,'2018-12-31 23:00:01.00'),(61,'jly','Steve','Tremblay',605310490,1,'$2b$10$s.2v6oiCqvc3R2lOhSNvt.tQKVYqYaEfWNhszgXQuerdGhe.goYLG',1,'2018-12-31 23:00:01.00'),(62,'joh','Gregoria','Prohaska',605310490,1,'$2b$10$s.2v6oiCqvc3R2lOhSNvt.tQKVYqYaEfWNhszgXQuerdGhe.goYLG',1,'2018-12-31 23:00:01.00'),(63,'JTY','Jan','Testowy',605310490,1,'$2b$10$s.2v6oiCqvc3R2lOhSNvt.tQKVYqYaEfWNhszgXQuerdGhe.goYLG',1,'2018-12-31 23:00:01.00'),(64,'jud','Tanner','Morar',605310490,1,'$2b$10$s.2v6oiCqvc3R2lOhSNvt.tQKVYqYaEfWNhszgXQuerdGhe.goYLG',1,'2018-12-31 23:00:01.00'),(65,'kas','Lula','Considine',605310490,1,'$2b$10$s.2v6oiCqvc3R2lOhSNvt.tQKVYqYaEfWNhszgXQuerdGhe.goYLG',1,'2018-12-31 23:00:01.00'),(66,'TST','Krlewicz','ty',605310490,1,'$2b$10$s.2v6oiCqvc3R2lOhSNvt.tQKVYqYaEfWNhszgXQuerdGhe.goYLG',2,'2018-12-31 23:00:01.00'),(67,'kri','Bernadine','Fay',605310490,1,'$2b$10$s.2v6oiCqvc3R2lOhSNvt.tQKVYqYaEfWNhszgXQuerdGhe.goYLG',1,'2018-12-31 23:00:01.00'),(68,'kun','Douglas','Predovic',605310490,1,'$2b$10$s.2v6oiCqvc3R2lOhSNvt.tQKVYqYaEfWNhszgXQuerdGhe.goYLG',1,'2018-12-31 23:00:01.00'),(69,'kwi','Bernard','Stanton',605310490,1,'$2b$10$s.2v6oiCqvc3R2lOhSNvt.tQKVYqYaEfWNhszgXQuerdGhe.goYLG',1,'2018-12-31 23:00:01.00'),(70,'L21','aneta','Ggaa',605310490,1,'$2b$10$s.2v6oiCqvc3R2lOhSNvt.tQKVYqYaEfWNhszgXQuerdGhe.goYLG',1,'2018-12-31 23:00:01.00'),(71,'lam','Jovan','Morissette',605310490,1,'$2b$10$s.2v6oiCqvc3R2lOhSNvt.tQKVYqYaEfWNhszgXQuerdGhe.goYLG',1,'2018-12-31 23:00:01.00'),(72,'law','Adrian','Cremin',605310490,1,'$2b$10$s.2v6oiCqvc3R2lOhSNvt.tQKVYqYaEfWNhszgXQuerdGhe.goYLG',1,'2018-12-31 23:00:01.00'),(73,'lee','Zoe','Lemke',605310490,1,'$2b$10$s.2v6oiCqvc3R2lOhSNvt.tQKVYqYaEfWNhszgXQuerdGhe.goYLG',1,'2018-12-31 23:00:01.00'),(74,'leo','Hazle','Hayes',605310490,1,'$2b$10$s.2v6oiCqvc3R2lOhSNvt.tQKVYqYaEfWNhszgXQuerdGhe.goYLG',1,'2018-12-31 23:00:01.00'),(75,'les','Nigel','Ullrich',605310490,1,'$2b$10$s.2v6oiCqvc3R2lOhSNvt.tQKVYqYaEfWNhszgXQuerdGhe.goYLG',1,'2018-12-31 23:00:01.00'),(76,'leu','Bridie','Bernhard',605310490,1,'$2b$10$s.2v6oiCqvc3R2lOhSNvt.tQKVYqYaEfWNhszgXQuerdGhe.goYLG',1,'2018-12-31 23:00:01.00'),(77,'lin','Dolores','Schimmel',605310490,1,'$2b$10$s.2v6oiCqvc3R2lOhSNvt.tQKVYqYaEfWNhszgXQuerdGhe.goYLG',1,'2018-12-31 23:00:01.00'),(78,'lku','Renee','Schuppe',605310490,1,'$2b$10$s.2v6oiCqvc3R2lOhSNvt.tQKVYqYaEfWNhszgXQuerdGhe.goYLG',1,'2018-12-31 23:00:01.00'),(79,'mar','Trey','Herzog',605310490,1,'$2b$10$s.2v6oiCqvc3R2lOhSNvt.tQKVYqYaEfWNhszgXQuerdGhe.goYLG',1,'2018-12-31 23:00:01.00'),(80,'mat','Janelle','Hegmann',605310490,1,'$2b$10$s.2v6oiCqvc3R2lOhSNvt.tQKVYqYaEfWNhszgXQuerdGhe.goYLG',1,'2018-12-31 23:00:01.00'),(81,'max','Peter','Hessel',605310490,1,'$2b$10$s.2v6oiCqvc3R2lOhSNvt.tQKVYqYaEfWNhszgXQuerdGhe.goYLG',1,'2018-12-31 23:00:01.00'),(82,'may','Harmon','Reinger',605310490,1,'$2b$10$s.2v6oiCqvc3R2lOhSNvt.tQKVYqYaEfWNhszgXQuerdGhe.goYLG',1,'2018-12-31 23:00:01.00'),(83,'mcg','Missouri','Raynor',605310490,1,'$2b$10$s.2v6oiCqvc3R2lOhSNvt.tQKVYqYaEfWNhszgXQuerdGhe.goYLG',1,'2018-12-31 23:00:01.00'),(84,'mfe','Candace','Koelpin',605310490,1,'$2b$10$s.2v6oiCqvc3R2lOhSNvt.tQKVYqYaEfWNhszgXQuerdGhe.goYLG',1,'2018-12-31 23:00:01.00'),(85,'mil','Earnest','Bode',605310490,1,'$2b$10$s.2v6oiCqvc3R2lOhSNvt.tQKVYqYaEfWNhszgXQuerdGhe.goYLG',1,'2018-12-31 23:00:01.00'),(86,'mit','Jennyfer','Osinski',605310490,1,'$2b$10$s.2v6oiCqvc3R2lOhSNvt.tQKVYqYaEfWNhszgXQuerdGhe.goYLG',1,'2018-12-31 23:00:01.00'),(87,'mle','Giovani','Krajcik',605310490,1,'$2b$10$s.2v6oiCqvc3R2lOhSNvt.tQKVYqYaEfWNhszgXQuerdGhe.goYLG',1,'2018-12-31 23:00:01.00'),(88,'mor','Julius','Reynolds',605310490,1,'$2b$10$s.2v6oiCqvc3R2lOhSNvt.tQKVYqYaEfWNhszgXQuerdGhe.goYLG',1,'2018-12-31 23:00:01.00'),(89,'mru','Garnet','Becker',605310490,1,'$2b$10$s.2v6oiCqvc3R2lOhSNvt.tQKVYqYaEfWNhszgXQuerdGhe.goYLG',1,'2018-12-31 23:00:01.00'),(90,'mue','Kallie','Weber',605310490,1,'$2b$10$s.2v6oiCqvc3R2lOhSNvt.tQKVYqYaEfWNhszgXQuerdGhe.goYLG',1,'2018-12-31 23:00:01.00'),(91,'N12','Zenek','Testowy',605310490,1,'$2b$10$s.2v6oiCqvc3R2lOhSNvt.tQKVYqYaEfWNhszgXQuerdGhe.goYLG',1,'2018-12-31 23:00:01.00'),(92,'nel','Armando','Bogisich',605310490,1,'$2b$10$s.2v6oiCqvc3R2lOhSNvt.tQKVYqYaEfWNhszgXQuerdGhe.goYLG',1,'2018-12-31 23:00:01.00'),(93,'NEW','Natalia','Testowy',605310490,1,'$2b$10$s.2v6oiCqvc3R2lOhSNvt.tQKVYqYaEfWNhszgXQuerdGhe.goYLG',1,'2018-12-31 23:00:01.00'),(94,'nma','Maurine','Abbott',605310490,1,'$2b$10$s.2v6oiCqvc3R2lOhSNvt.tQKVYqYaEfWNhszgXQuerdGhe.goYLG',1,'2018-12-31 23:00:01.00'),(95,'NOW','Jan','Nowak',605310490,1,'$2b$10$s.2v6oiCqvc3R2lOhSNvt.tQKVYqYaEfWNhszgXQuerdGhe.goYLG',1,'2018-12-31 23:00:01.00'),(96,'nri','Tom','Hodkiewicz',605310490,1,'$2b$10$s.2v6oiCqvc3R2lOhSNvt.tQKVYqYaEfWNhszgXQuerdGhe.goYLG',1,'2018-12-31 23:00:01.00'),(97,'obe','Lisa','King',605310490,1,'$2b$10$s.2v6oiCqvc3R2lOhSNvt.tQKVYqYaEfWNhszgXQuerdGhe.goYLG',1,'2018-12-31 23:00:01.00'),(98,'oci','Prudence','Collier',605310490,1,'$2b$10$s.2v6oiCqvc3R2lOhSNvt.tQKVYqYaEfWNhszgXQuerdGhe.goYLG',1,'2018-12-31 23:00:01.00'),(99,'ode','Dovie','Prohaska',605310490,1,'$2b$10$s.2v6oiCqvc3R2lOhSNvt.tQKVYqYaEfWNhszgXQuerdGhe.goYLG',1,'2018-12-31 23:00:01.00'),(100,'olo','Josefina','Schulist',605310490,1,'$2b$10$s.2v6oiCqvc3R2lOhSNvt.tQKVYqYaEfWNhszgXQuerdGhe.goYLG',1,'2018-12-31 23:00:01.00'),(101,'orn','Geo','Dietrich',605310490,1,'$2b$10$s.2v6oiCqvc3R2lOhSNvt.tQKVYqYaEfWNhszgXQuerdGhe.goYLG',1,'2018-12-31 23:00:01.00'),(102,'ort','Olin','Keebler',605310490,1,'$2b$10$s.2v6oiCqvc3R2lOhSNvt.tQKVYqYaEfWNhszgXQuerdGhe.goYLG',1,'2018-12-31 23:00:01.00'),(103,'osi','Princess','Hills',605310490,1,'$2b$10$s.2v6oiCqvc3R2lOhSNvt.tQKVYqYaEfWNhszgXQuerdGhe.goYLG',1,'2018-12-31 23:00:01.00'),(104,'ott','Oscar','Feest',605310490,1,'$2b$10$s.2v6oiCqvc3R2lOhSNvt.tQKVYqYaEfWNhszgXQuerdGhe.goYLG',1,'2018-12-31 23:00:01.00'),(105,'pen','Winifred','Nikolaus',605310490,1,'$2b$10$s.2v6oiCqvc3R2lOhSNvt.tQKVYqYaEfWNhszgXQuerdGhe.goYLG',1,'2018-12-31 23:00:01.00'),(106,'pgo','Robin','Klein',605310490,1,'$2b$10$s.2v6oiCqvc3R2lOhSNvt.tQKVYqYaEfWNhszgXQuerdGhe.goYLG',1,'2018-12-31 23:00:01.00'),(107,'ple','Vaughn','Hirthe',605310490,1,'$2b$10$s.2v6oiCqvc3R2lOhSNvt.tQKVYqYaEfWNhszgXQuerdGhe.goYLG',1,'2018-12-31 23:00:01.00'),(108,'qgr','Lulu','Erdman',605310490,1,'$2b$10$s.2v6oiCqvc3R2lOhSNvt.tQKVYqYaEfWNhszgXQuerdGhe.goYLG',1,'2018-12-31 23:00:01.00'),(109,'qku','Maude','Hand',605310490,1,'$2b$10$s.2v6oiCqvc3R2lOhSNvt.tQKVYqYaEfWNhszgXQuerdGhe.goYLG',1,'2018-12-31 23:00:01.00'),(110,'ral','Teagan','Carroll',605310490,1,'$2b$10$s.2v6oiCqvc3R2lOhSNvt.tQKVYqYaEfWNhszgXQuerdGhe.goYLG',1,'2018-12-31 23:00:01.00'),(111,'rap','Golda','Kemmer',605310490,1,'$2b$10$s.2v6oiCqvc3R2lOhSNvt.tQKVYqYaEfWNhszgXQuerdGhe.goYLG',1,'2018-12-31 23:00:01.00'),(112,'rca','Ulices','Kiehn',605310490,1,'$2b$10$s.2v6oiCqvc3R2lOhSNvt.tQKVYqYaEfWNhszgXQuerdGhe.goYLG',1,'2018-12-31 23:00:01.00'),(113,'ric','Webster','Bartoletti',605310490,1,'$2b$10$s.2v6oiCqvc3R2lOhSNvt.tQKVYqYaEfWNhszgXQuerdGhe.goYLG',1,'2018-12-31 23:00:01.00'),(114,'rku','Bernadette','Hackett',605310490,1,'$2b$10$s.2v6oiCqvc3R2lOhSNvt.tQKVYqYaEfWNhszgXQuerdGhe.goYLG',1,'2018-12-31 23:00:01.00'),(115,'rog','Kaley','Hayes',605310490,1,'$2b$10$s.2v6oiCqvc3R2lOhSNvt.tQKVYqYaEfWNhszgXQuerdGhe.goYLG',1,'2018-12-31 23:00:01.00'),(116,'ros','Dangelo','Toy',605310490,1,'$2b$10$s.2v6oiCqvc3R2lOhSNvt.tQKVYqYaEfWNhszgXQuerdGhe.goYLG',1,'2018-12-31 23:00:01.00'),(117,'row','Laura','Stoltenberg',605310490,1,'$2b$10$s.2v6oiCqvc3R2lOhSNvt.tQKVYqYaEfWNhszgXQuerdGhe.goYLG',1,'2018-12-31 23:00:01.00'),(118,'rue','Nelle','Harber',605310490,1,'$2b$10$s.2v6oiCqvc3R2lOhSNvt.tQKVYqYaEfWNhszgXQuerdGhe.goYLG',1,'2018-12-31 23:00:01.00'),(119,'sch','Karelle','Tillman',605310490,1,'$2b$10$s.2v6oiCqvc3R2lOhSNvt.tQKVYqYaEfWNhszgXQuerdGhe.goYLG',1,'2018-12-31 23:00:01.00'),(120,'sel','Nathen','Rogahn',605310490,1,'$2b$10$s.2v6oiCqvc3R2lOhSNvt.tQKVYqYaEfWNhszgXQuerdGhe.goYLG',1,'2018-12-31 23:00:01.00'),(121,'she','Rosina','Crooks',605310490,1,'$2b$10$s.2v6oiCqvc3R2lOhSNvt.tQKVYqYaEfWNhszgXQuerdGhe.goYLG',1,'2018-12-31 23:00:01.00'),(122,'sly','Laurianne','Harvey',605310490,1,'$2b$10$s.2v6oiCqvc3R2lOhSNvt.tQKVYqYaEfWNhszgXQuerdGhe.goYLG',1,'2018-12-31 23:00:01.00'),(123,'tay','Shannon','Kutch',605310490,1,'$2b$10$s.2v6oiCqvc3R2lOhSNvt.tQKVYqYaEfWNhszgXQuerdGhe.goYLG',1,'2018-12-31 23:00:01.00'),(124,'ter','Itzel','Streich',605310490,1,'$2b$10$s.2v6oiCqvc3R2lOhSNvt.tQKVYqYaEfWNhszgXQuerdGhe.goYLG',1,'2018-12-31 23:00:01.00'),(125,'tow','Kyle','Dietrich',605310490,1,'$2b$10$s.2v6oiCqvc3R2lOhSNvt.tQKVYqYaEfWNhszgXQuerdGhe.goYLG',1,'2018-12-31 23:00:01.00'),(126,'tyr','Fausto','Cartwright',605310490,1,'$2b$10$s.2v6oiCqvc3R2lOhSNvt.tQKVYqYaEfWNhszgXQuerdGhe.goYLG',1,'2018-12-31 23:00:01.00'),(127,'uke','Brain','Collins',605310490,1,'$2b$10$s.2v6oiCqvc3R2lOhSNvt.tQKVYqYaEfWNhszgXQuerdGhe.goYLG',1,'2018-12-31 23:00:01.00'),(128,'ura','Orlo','Hyatt',605310490,1,'$2b$10$s.2v6oiCqvc3R2lOhSNvt.tQKVYqYaEfWNhszgXQuerdGhe.goYLG',1,'2018-12-31 23:00:01.00'),(129,'val','Marge','Treutel',605310490,1,'$2b$10$s.2v6oiCqvc3R2lOhSNvt.tQKVYqYaEfWNhszgXQuerdGhe.goYLG',1,'2018-12-31 23:00:01.00'),(130,'vha','Buck','Ernser',605310490,1,'$2b$10$s.2v6oiCqvc3R2lOhSNvt.tQKVYqYaEfWNhszgXQuerdGhe.goYLG',1,'2018-12-31 23:00:01.00'),(131,'vir','Bret','Ritchie',605310490,1,'$2b$10$s.2v6oiCqvc3R2lOhSNvt.tQKVYqYaEfWNhszgXQuerdGhe.goYLG',1,'2018-12-31 23:00:01.00'),(132,'vol','Elza','Paucek',605310490,1,'$2b$10$s.2v6oiCqvc3R2lOhSNvt.tQKVYqYaEfWNhszgXQuerdGhe.goYLG',1,'2018-12-31 23:00:01.00'),(133,'wai','Eudora','Swift',605310490,1,'$2b$10$s.2v6oiCqvc3R2lOhSNvt.tQKVYqYaEfWNhszgXQuerdGhe.goYLG',1,'2018-12-31 23:00:01.00'),(134,'wei','Kelli','Bogan',605310490,1,'$2b$10$s.2v6oiCqvc3R2lOhSNvt.tQKVYqYaEfWNhszgXQuerdGhe.goYLG',1,'2018-12-31 23:00:01.00'),(135,'win','Earl','Kirlin',605310490,1,'$2b$10$s.2v6oiCqvc3R2lOhSNvt.tQKVYqYaEfWNhszgXQuerdGhe.goYLG',1,'2018-12-31 23:00:01.00'),(136,'xsa','Zdzisaw','Wch',605310490,1,'$2b$10$s.2v6oiCqvc3R2lOhSNvt.tQKVYqYaEfWNhszgXQuerdGhe.goYLG',1,'2018-12-31 23:00:01.00'),(137,'XXX','Zdzisaw','Wch',605310490,1,'$2b$10$s.2v6oiCqvc3R2lOhSNvt.tQKVYqYaEfWNhszgXQuerdGhe.goYLG',1,'2018-12-31 23:00:01.00'),(138,'yqu','Magali','Watsica',605310490,1,'$2b$10$s.2v6oiCqvc3R2lOhSNvt.tQKVYqYaEfWNhszgXQuerdGhe.goYLG',1,'2018-12-31 23:00:01.00'),(139,'zgo','Albertha','Murphy',605310490,1,'$2b$10$s.2v6oiCqvc3R2lOhSNvt.tQKVYqYaEfWNhszgXQuerdGhe.goYLG',1,'2018-12-31 23:00:01.00'),(140,'zob','Magnolia','Gibson',605310490,1,'$2b$10$s.2v6oiCqvc3R2lOhSNvt.tQKVYqYaEfWNhszgXQuerdGhe.goYLG',1,'2018-12-31 23:00:01.00'),(179,'666','Zdzisaw','Wch',636555344,1,'$2b$10$s.2v6oiCqvc3R2lOhSNvt.tQKVYqYaEfWNhszgXQuerdGhe.goYLG',1,'2018-12-31 23:00:01.00'),(180,'FFF','Jacio','Bacio',605310490,1,'$2b$10$5CureUTlh7G6r2waIwzOxumepBN7l8PTMgAPgFDO25fWorzK/EQzi',2,'2018-12-31 23:00:01.00'),(182,'FFE','Jacio','Bacio',605310490,1,'$2b$10$CtMYYM8tRsJ5CXAmxvA7vecBM5tVkBe5.mbsD/nJ4DC1Nps93r1TK',3,'2018-12-31 23:00:01.00'),(183,'YTT','Jan','Man',605310490,1,'$2b$10$OjfhVJJf/0BGg.qlPB9rpufWOKzUmcLye3doZBOVGS9ygRRKN3Yqq',3,'2018-12-31 23:00:01.00'),(184,'UUU','qwq','d7',605310490,1,'$2b$10$rfgGRJPOoerfKNKz8QwHBe0D5sbmWYweGem8s2QM6gb.J28kFTfMK',4,'2018-12-31 23:00:01.00'),(185,'qwe','qd','ee',605310490,1,'$2b$10$kqKPGmjp8rMEoqlC61uVFu3fYOgt4aSi2iSq6ny7eIqEQGcdclT8e',3,'2018-12-31 23:00:01.00'),(187,'AA2','qd','ee',605310490,1,'$2b$10$IiJyBIZTR9sFTRhCr9cGDO9qYZVFdEQVaPC7UbaE4g3TLxoCuqExS',3,'2018-12-31 23:00:01.00'),(189,'r3w','qd','ee',605310490,1,'$2b$10$LXOEsEhrPKuJxlfQ7sSHAeCTVRhs0361OSRwA4qAASywVq2zMKQ2y',3,'2018-12-31 23:00:01.00'),(191,'r34','qd','ee',605310490,1,'$2b$10$5XZF8VN9NfIi20C.y14jDurXncnJBAIHsqr/BIqlJ5wAdjU5jinl.',3,'2018-12-31 23:00:01.00'),(192,'333','23','23',605310490,1,'$2b$10$yp.C5n95/aDbid8X7MC.nuW1iIJ5JMqbGSsFI1JpKc7N/tM7paUBW',2,'2018-12-31 23:00:01.00');
/*!40000 ALTER TABLE `users` ENABLE KEYS */;
UNLOCK TABLES;

--
-- Temporary table structure for view `users_auth_view`
--

DROP TABLE IF EXISTS `users_auth_view`;
/*!50001 DROP VIEW IF EXISTS `users_auth_view`*/;
SET @saved_cs_client     = @@character_set_client;
SET character_set_client = utf8;
/*!50001 CREATE VIEW `users_auth_view` AS SELECT 
 1 AS `user_id`,
 1 AS `username_csr`,
 1 AS `first_name`,
 1 AS `last_name`,
 1 AS `phone_num`,
 1 AS `active`,
 1 AS `role_id`,
 1 AS `role`,
 1 AS `last_pass_reset`,
 1 AS `hash`,
 1 AS `user_subdivisions`*/;
SET character_set_client = @saved_cs_client;

--
-- Table structure for table `users_subdivisions`
--

DROP TABLE IF EXISTS `users_subdivisions`;
/*!40101 SET @saved_cs_client     = @@character_set_client */;
/*!40101 SET character_set_client = utf8 */;
CREATE TABLE `users_subdivisions` (
  `users_user_id` smallint(5) unsigned NOT NULL,
  `subdivisions_subdivision_id` tinyint(4) NOT NULL,
  PRIMARY KEY (`users_user_id`,`subdivisions_subdivision_id`),
  KEY `fk_users_has_subdivisions_subdivisions1_idx` (`subdivisions_subdivision_id`),
  KEY `fk_users_has_subdivisions_users1_idx` (`users_user_id`),
  CONSTRAINT `fk_users_has_subdivisions_subdivisions1` FOREIGN KEY (`subdivisions_subdivision_id`) REFERENCES `subdivisions` (`subdivision_id`) ON DELETE NO ACTION ON UPDATE NO ACTION,
  CONSTRAINT `fk_users_has_subdivisions_users1` FOREIGN KEY (`users_user_id`) REFERENCES `users` (`user_id`) ON DELETE CASCADE ON UPDATE NO ACTION
) ENGINE=InnoDB DEFAULT CHARSET=utf8 COLLATE=utf8_unicode_ci;
/*!40101 SET character_set_client = @saved_cs_client */;

--
-- Dumping data for table `users_subdivisions`
--

LOCK TABLES `users_subdivisions` WRITE;
/*!40000 ALTER TABLE `users_subdivisions` DISABLE KEYS */;
INSERT INTO `users_subdivisions` VALUES (3,1),(11,1),(17,1),(20,1),(23,1),(25,1),(33,1),(34,1),(36,1),(40,1),(43,1),(47,1),(48,1),(49,1),(54,1),(65,1),(66,1),(70,1),(80,1),(84,1),(87,1),(94,1),(96,1),(97,1),(106,1),(112,1),(117,1),(118,1),(120,1),(130,1),(132,1),(138,1),(139,1),(179,1),(182,1),(183,1),(6,2),(10,2),(13,2),(18,2),(20,2),(27,2),(29,2),(32,2),(55,2),(56,2),(57,2),(63,2),(64,2),(67,2),(68,2),(79,2),(98,2),(102,2),(109,2),(113,2),(115,2),(116,2),(121,2),(123,2),(127,2),(134,2),(137,2),(179,2),(180,2),(192,2),(1,3),(4,3),(7,3),(14,3),(15,3),(19,3),(20,3),(30,3),(35,3),(37,3),(38,3),(44,3),(45,3),(51,3),(58,3),(61,3),(62,3),(72,3),(74,3),(86,3),(89,3),(90,3),(92,3),(95,3),(103,3),(108,3),(110,3),(126,3),(179,3),(185,3),(187,3),(189,3),(191,3),(2,4),(16,4),(19,4),(22,4),(28,4),(39,4),(46,4),(52,4),(59,4),(66,4),(69,4),(75,4),(78,4),(81,4),(82,4),(83,4),(91,4),(101,4),(105,4),(124,4),(125,4),(129,4),(133,4),(135,4),(136,4),(140,4),(180,4),(5,5),(8,5),(9,5),(12,5),(19,5),(21,5),(24,5),(26,5),(31,5),(41,5),(42,5),(50,5),(53,5),(60,5),(71,5),(73,5),(76,5),(77,5),(85,5),(88,5),(93,5),(99,5),(100,5),(104,5),(107,5),(111,5),(114,5),(119,5),(122,5),(128,5),(131,5),(184,8);
/*!40000 ALTER TABLE `users_subdivisions` ENABLE KEYS */;
UNLOCK TABLES;

--
-- Temporary table structure for view `users_view`
--

DROP TABLE IF EXISTS `users_view`;
/*!50001 DROP VIEW IF EXISTS `users_view`*/;
SET @saved_cs_client     = @@character_set_client;
SET character_set_client = utf8;
/*!50001 CREATE VIEW `users_view` AS SELECT 
 1 AS `user_id`,
 1 AS `username_csr`,
 1 AS `first_name`,
 1 AS `last_name`,
 1 AS `phone_num`,
 1 AS `active`,
 1 AS `role_id`,
 1 AS `role`,
 1 AS `last_pass_reset`,
 1 AS `user_subdivisions`*/;
SET character_set_client = @saved_cs_client;

--
-- Final view structure for view `users_auth_view`
--

/*!50001 DROP VIEW IF EXISTS `users_auth_view`*/;
/*!50001 SET @saved_cs_client          = @@character_set_client */;
/*!50001 SET @saved_cs_results         = @@character_set_results */;
/*!50001 SET @saved_col_connection     = @@collation_connection */;
/*!50001 SET character_set_client      = utf8 */;
/*!50001 SET character_set_results     = utf8 */;
/*!50001 SET collation_connection      = utf8_general_ci */;
/*!50001 CREATE ALGORITHM=UNDEFINED */
/*!50013 DEFINER=`root`@`localhost` SQL SECURITY DEFINER */
/*!50001 VIEW `users_auth_view` AS select `u`.`user_id` AS `user_id`,`u`.`username_csr` AS `username_csr`,`u`.`first_name` AS `first_name`,`u`.`last_name` AS `last_name`,`u`.`phone_num` AS `phone_num`,`u`.`active` AS `active`,`u`.`role_id` AS `role_id`,`r`.`role` AS `role`,`u`.`last_pass_reset` AS `last_pass_reset`,`u`.`hash` AS `hash`,group_concat(`s`.`subdivision_id` separator ', ') AS `user_subdivisions` from (((`users` `u` join `users_subdivisions` `us` on((`us`.`users_user_id` = `u`.`user_id`))) join `subdivisions` `s` on((`s`.`subdivision_id` = `us`.`subdivisions_subdivision_id`))) join `roles` `r` on((`u`.`role_id` = `r`.`role_id`))) group by `u`.`user_id` */;
/*!50001 SET character_set_client      = @saved_cs_client */;
/*!50001 SET character_set_results     = @saved_cs_results */;
/*!50001 SET collation_connection      = @saved_col_connection */;

--
-- Final view structure for view `users_view`
--

/*!50001 DROP VIEW IF EXISTS `users_view`*/;
/*!50001 SET @saved_cs_client          = @@character_set_client */;
/*!50001 SET @saved_cs_results         = @@character_set_results */;
/*!50001 SET @saved_col_connection     = @@collation_connection */;
/*!50001 SET character_set_client      = utf8 */;
/*!50001 SET character_set_results     = utf8 */;
/*!50001 SET collation_connection      = utf8_general_ci */;
/*!50001 CREATE ALGORITHM=UNDEFINED */
/*!50013 DEFINER=`root`@`localhost` SQL SECURITY DEFINER */
/*!50001 VIEW `users_view` AS select `u`.`user_id` AS `user_id`,`u`.`username_csr` AS `username_csr`,`u`.`first_name` AS `first_name`,`u`.`last_name` AS `last_name`,`u`.`phone_num` AS `phone_num`,`u`.`active` AS `active`,`u`.`role_id` AS `role_id`,`r`.`role` AS `role`,`u`.`last_pass_reset` AS `last_pass_reset`,group_concat(`s`.`subdivision_id` separator ', ') AS `user_subdivisions` from (((`users` `u` join `users_subdivisions` `us` on((`us`.`users_user_id` = `u`.`user_id`))) join `subdivisions` `s` on((`s`.`subdivision_id` = `us`.`subdivisions_subdivision_id`))) join `roles` `r` on((`u`.`role_id` = `r`.`role_id`))) group by `u`.`user_id` */;
/*!50001 SET character_set_client      = @saved_cs_client */;
/*!50001 SET character_set_results     = @saved_cs_results */;
/*!50001 SET collation_connection      = @saved_col_connection */;
/*!40103 SET TIME_ZONE=@OLD_TIME_ZONE */;

/*!40101 SET SQL_MODE=@OLD_SQL_MODE */;
/*!40014 SET FOREIGN_KEY_CHECKS=@OLD_FOREIGN_KEY_CHECKS */;
/*!40014 SET UNIQUE_CHECKS=@OLD_UNIQUE_CHECKS */;
/*!40101 SET CHARACTER_SET_CLIENT=@OLD_CHARACTER_SET_CLIENT */;
/*!40101 SET CHARACTER_SET_RESULTS=@OLD_CHARACTER_SET_RESULTS */;
/*!40101 SET COLLATION_CONNECTION=@OLD_COLLATION_CONNECTION */;
/*!40111 SET SQL_NOTES=@OLD_SQL_NOTES */;

-- Dump completed on 2019-10-23 19:44:26
